,0
27-A,8173
4th Mile Dimapur,613
50-GB,8155
A lot,1380
"A.A.Nagar,Kurnool,RBZ",3583
Aamdi,4024
Aarah,414
Aarni,2391
Aatpadi,2079
Abadasa,2657
Abhanpur,2398
Abohar,232
Abu Road,668
ACF Agro Marketing ,10105
Achalda,2583
Achalpur,595
Achampet,859
Achampet(Amrabad),2778
Achampet(Lingal),8005
Achanta,860
Acharapakkam,1105
Achnera,2551
Adampur,1589
Adampur,83
Adampur(Agroha),2830
Adampur(Bahodinpur),8060
Adampur(Daroli Kalan),8061
Adarsh Krushi Bazar,10075
Addanki,861
Adilabad,862
Adilabad(Rythu Bazar),4290
Adimali,3080
Adoni,863
"Adoni,RBZ",3582
Agar,1381
Agra,314
Ahemadpur,8084
Aheri,2115
Ahirora,2611
Ahivara,4038
Ahmedabad,72
Ahmedabad(Chimanbhai Patal Market Vasana),2944
Ahmedabad(Flower Market Jamalpur),3205
"Ahmedabad(Fruit Market, Naroda)",2942
Ahmedabad(Manekchowk),3206
Ahmedabad(Rajnagar sub yard),2943
Ahmedgarh,1614
Ahmednagar,153
Ahmedpur,1825
Ahwa-Dang,3043
Aiginia Mandi,4267
Airwan,8283
Ait,1972
Aizuto,1174
AJattihalli(Uzhavar Sandhai ),10163
Ajaygarh,2733
Ajitwal,1605
Ajitwal (Chogawan),4433
Ajitwal (Dala),4440
Ajmer (Grain),254
Ajmer(F&amp;V),1778
Ajnala,623
Ajnala (Sudhar),4416
Ajuha,1898
Akaltara,2410
Akbarpur,1895
Akhadabalapur,2090
Akhnoor,103
Akiveedu,864
"Akkaiahpalem,RBZ,Visakhapatnam",1206
Akkalkot,1805
Akkalkuwa,2076
Aklera,1555
Akluj,1806
Akodia,2716
Akodiya,4204
Akola,8193
Akola,154
Akola(Borgaon Manju),4749
Akole,1766
Akot,1350
Alampur,865
Alampur,3048
Alamuru,867
Alanda,4399
Alangeyam,3734
Alangudi,1855
Alangudi(Uzhavar Sandhai ),10214
Alappuzha,128
Alathur,2369
Aler,2209
Alibagh,1424
Aliganj,2560
Aligarh,1894
Aligarh gon,8122
Alipurduar,703
Alirajpur,1373
Alirajpur(F&amp;V),3876
Alisher Kalan,8080
All India Cottonseed Crushers Association,2379
Allagadda,387
Allahabad,315
Allavaram,868
Alluru,3642
Along,1866
Alur,869
Aluva,134
"Alwal,RBZ",1251
Alwar,255
Alwar(FV),2858
Amadalavalasa,872
Amadula,2757
"Amalapuram(Mpl. Gate),RBZ",1216
Amalner,570
Amangal,870
Amarawati,155
Amargarh,1753
Amarpatan,3044
Amarpur,10004
Amarwda,8328
Ambad (Vadigodri),1822
Ambagarh Chowki,4048
Ambaha,3067
Ambajipeta,871
Ambala Cantt.,1152
Ambala City,79
Ambala City(Subji Mandi),2819
Ambasamudram,3718
Ambasamudram(Uzhavar Sandhai ),10252
Ambattur(Uzhavar Sandhai ),10256
Ambejaogai,1513
Ambikapur,438
Ambur,4269
Amgaon,603
Amirgadh,2689
Amlarem,3987
Amloh,633
Amloh(Gobind Garh Mandi),2879
Ammapet(Uzhavar Sandhai ),10222
Ammoor,1104
"AMO, Ahmedabad",9000
"AMO, Amritsar",9001
"AMO, Banglore",9002
"AMO, Chandigarh",9003
"AMO, Chennai",9004
"AMO, Delhi",9005
"AMO, Jaipur",9006
"AMO, Kolkata",9007
"AMO, Lucknow",9008
Amod,1417
Amod(Sarban),3006
Amoda,4101
Ampati,3993
Amrawati(Frui &amp; Veg. Market),3111
Amreli,451
Amritsar,226
Amritsar(Amritsar Mewa Mandi),2883
Amritsar(Chehreta),3104
Amritsar(Takharpura),3105
Amroha,1193
"Amudalavalasa ,RBZ",3551
Anaimalai,2793
Anaiyur(Uzhavar Sandhai ),10196
Anajngaon,596
Anakapally,1776
Anand,462
Anand Nagar,2344
"Anand(Veg,Yard,Anand)",2973
Anandapur,1680
Anandnagar,1948
Anandpur Sahib,646
Anantapur,873
Ananthapuram,3685
Anaparthy,875
Anchal,2353
Andimadom,3722
Andipatti(Uzhavar Sandhai ),10247
Angamaly,2156
Angaura,3917
Angul,208
Angul(Atthamallick),3119
Angul(Jarapada),3118
Anjad,2699
Anjar,1402
"Anjar(Veg,Sub Yard)",2998
Anjaw,2919
Anklav,3002
"Anklav(Veg,Market,Asodar)",3133
Ankleshwar,456
Anna Nagar(Uzhavar Sandhai ),10277
Anna nagar(Uzhavar Sandhai ),10190
Annigeri,529
Annur,1849
Anoop Shahar,2539
Anoopgarh,268
Anta,2864
Antagarh,4100
Anthiyur,1368
Anuppur,3136
Anwala,2572
Anyara(EEC),1121
Appta,2239
Arakalgud,4400
Aralamoodu,2348
Arang,2397
Arani,1843
Arani(Uzhavar Sandhai ),10271
Aranthangi,3710
Aranthangi(Uzhavar Sandhai ),10213
Arasikere,762
Arcot,3667
Arcot(Uzhavar Sandhai ),10315
ARG Agri Trade  Pvt Limited ,10141
Arihant Krishi Utpan Bazar ,10067
Ariyalur Market,3720
Ariyalur(Uzhavar Sandhai),10144
Arjuni,604
Arkonam,3676
Armoor,392
Armori,1813
Armori(Desaiganj),2511
Aron,2443
Aroor,2149
Arreria,806
Aruppukottai,1109
Aruppukottai(Uzhavar Sandhai ),10292
Arur,2381
Arvi,1508
Arwal,1635
Asandh,90
Asansol,3947
Ashahipora (Anantnagh),4354
Ashoknagar,185
Ashoknagar(F&amp;V),3888
Ashpur,8196
Ashta,552
Ashti,2119
Ashti(Jalna),2388
Ashti(Karanja),2513
Asifabad,876
Asifabad(Wankidi),8006
Atarra,1922
Ateli,2033
Athagarh,4263
Athani,528
Athirampuzha,3078
Athur(Uzhavar Sandhai ),10223
Atla Kalan,8081
Atmakur,391
Atmakur,877
Atmakur(SPS),381
Atrauli,2557
Atru,1552
Atru(Kawai Salpura),3154
Attabira,209
Attari,1724
Attayampatti(Uzhavar Sandhai ),10226
Attili,878
Attingal,2352
Attur,4358
Aurad,733
Aurad Shahajani,2127
Auraiya,826
Aurangabad,416
Aurangabad,581
Ausa,2124
Avallapalli(Uzhavar Sandhai ),10189
Avalpoonthurai,1370
Avalurpet,1103
Awagarh,2562
Azadpur,4747
Azamgarh,689
Babai,8311
Babain,2032
Baberu,1976
Babhulgaon,2107
Babra,1723
Babrala,2575
Bachaibari,707
Bachau,1403
Bachranwa,2586
Badamalhera,2454
Badami,714
Badami(Keruru),4127
Badarwas,2706
Badayoun,681
Badda,3447
Badepalli,6
Badhni Kalan,1604
Badhni Kallan (Bilaspur),4435
Badhore,8274
Badi,8101
Badnagar,2425
Badnawar,2419
Badnawar(F&amp;V),3875
Badod,2729
Badrisadri,2854
Badrukha,8256
Badshahpur,8037
Badvel,383
Badwaha,2438
Badwani,2464
Bagalakot,713
Bagalkot(Bigali),4126
Bagasara,1792
Bagbahra,2401
Bageecha,2762
Bagepalli,3978
Bagh(Srinagar),4353
Baghapurana,239
Baghmara,568
Baghry,4249
Bagli,3135
Bagpat,3453
Bagru,2860
Bahadajholla,1177
Bahadurganj,1642
Bahadurgarh,2041
Bahadurpur (Ekmi Ghat),10013
Bahdsora,8187
Bahedi,1919
Bahraich,316
Bahrawandakhurd,8131
Bahroad,8424
Baikunthpur,2768
Baikunthpur,1393
Bailahongal,720
Bairabi,2142
Bajju,8204
Bajwal,8278
Bakani,8140
Bakswaha,8319
Baktara,3070
Bakthgarh,8250
Balachaur,1607
Balaghat,1123
Balaghat(F&amp;V),3901
Balaji Agri Trade Pvt Limited ,10127
Balaji Krushi Market,10069
Balapur,1476
Balarampur,3636
Balasinor,1701
Bali,2863
Balianwali,8069
Ballabhgarh,1154
Ballah,8049
Ballia,317
Balliah,10005
Balod,429
Baloda,4017
Baloda(Janjgir Campus),4062
Balodabazar,2747
Balotra,1547
Balrampur,1896
Balu,8058
Balugaon,1681
Balurghat,354
Balurghat,2924
Balwadi,3051
Bamial,8245
Bamora,2713
Bampada,1175
Banaganapalli,880
Banapura,2420
Banaskantha,453
Banda,2467
Banda,1899
Bandhabazar,2405
Bandikui,1543
Bandikui(Geejgarh),3156
Bandipora,2525
Bandrol,3840
Banga,1608
Banga (Kataria),4424
Bangalore,107
Bangarmau,1907
Bangarpet,772
Bangarupalem,879
Bangowagi Kunjar,8235
Bankhedi,2456
Banki,1675
Bankura Sadar,349
Banmorkalan,8316
Bansi,8123
Bansoor,8102
Banswada,17
Banswara,667
Banthara,2584
Bantvala(Vittla),4156
Bantwala,748
Banur,1749
Banur (Kheragaju),4439
Bapatla,881
Bapauli,2030
Baphana Agro Market Inc,10097
"Bapulapadu,RBZ",1224
Bara Bazar (Posta Bazar),3625
Barabanki,318
Barad,8314
Baradwar,4065
Barahat,1650
Baramati,576
Baramkela,2759
Baran,258
Baraodia,8179
Barara,1980
Barari,10017
Barasat,348
Baraut,675
Barbigha,10034
Bardewri,4104
Bardoli,814
Bardoli(Katod),3026
Bardoli(Madhi),3523
Bareilly,319
Bareli,2436
Bareta,642
Bargarh,210
Bargarh(Barapalli),3121
Barghat,3803
Bargur,3747
Barhaj,3445
Barhmba,8221
Barikpur,3912
Baripada,618
Bariwala,1606
Bariya,4078
Barmer,655
Barnala,247
Barpathari,3932
Barshi,175
Barshi Takli,2094
Barshi(Vairag),2497
Barsoi,1643
Bartori,4053
Baruch(Vagara),2981
Baruipur(Canning),2640
Baruwasagar,2595
Barvala,2648
Barwala,1979
Barwala(Hisar),2004
Basana,443
Basava Kalayana,536
Basmat,2091
Basmat(Kurunda),3968
Bassi,8194
Bassi Pathana,1618
Bassi Pathana((Nanadpur Kalour),8065
Bastar,4087
Basti,688
Baswant,171
Batala,233
Bathinda,629
Batingoo,8034
Batlagundu(Uzhavar Sandhai ),10168
Batote,2519
Bavla,1396
Baxirhat,4331
Baxirhat,3935
Bayad,812
Bayad(Demai),3012
Bayad(Sadamba),3013
Bayana,1528
Bazar Atriya ,4049
Bazpur,1116
Beawar,649
Becharaji,1688
Bededonger,4092
Bedia,10051
Beed,583
Beenjhwaila,8441
Begamganj,2450
Begu,1567
Begusarai,24
Behal,1991
Behloor Kalan,8056
Behram,8347
Behrampur Bodla,8177
Behror,8107
Bela,8040
Belacoba,2922
Belarbahara,4033
Belargaon,4032
Beldanga,3635
Belgaum,109
Belgaum(Herebhagevadi),4116
Bellampally,8007
Bellary,111
Belora,4029
Beltara,4054
Belthangdi,747
Belur,765
Bemetara,2404
Bemetara(Darhi),4769
Bemetara(Navagarh),4768
Bemetara(Thankhamaria),4767
Benipatti,10024
Benipir,10012
Beohari,2727
Berachha,3050
Berasia,1130
Beri,4360
Berla,4044
Bermo,2053
Bethuadahari,363
Betnoti,1677
Bettiah,805
Betul,555
Bewar,2559
Bhabhar,1717
Bhadara,1537
Bhadaur,1754
Bhadaur(Sehna),3820
Bhadesar,8199
Bhadoti,8146
Bhadrachalam,390
Bhadrak,211
Bhadravathi,783
Bhadrawati,2113
Bhadson,1609
Bhagalpur,25
Bhagepalli,3870
Bhagta Bhai Ka,1732
Bhagta Bhai Ka (Jalal),4422
Bhagta Bhai Ka (Kalyansukha),4411
Bhagta Bhai Ka(Kotha Guru Ka),2892
Bhagwanpur Mandi,10025
Bhagwanpur(Naveen Mandi Sthal),4330
Bhagyoday Cotton and Agri Market ,10109
Bhaini Mian Khan,8236
Bhainsa,882
Bhaisa,4004
Bhaisma,4069
Bhakhara,4026
Bhalki,732
Bhandara,1351
Bhander,3052
Bhanjanagar,1664
Bhanpura,3934
Bhanupratappur,4108
Bhanvad,3005
Bharamgarh,4110
Bharatpur,259
Bharatpur(Kumer),3148
Bharthna,1915
Bharuasumerpur,1970
Bharuch,57
Bharwari,1941
Bhatapara,426
Bhatgaon,2746
Bhatiya,2684
Bhattu Kalan,2007
Bhavani,3530
Bhavarpur,4019
Bhavnagar,455
Bhawani Mandi,1553
Bhawani Mandi(Choumehla),3158
Bhawani Mandi(Raipur),3164
Bhawanigarh,251
Bhawanigarh (Rampura),4418
Bhawanipatna,218
Bhawanipur,10028
Bheemkhoj,4015
Bheemunipatnam,2334
Bheenmal(Ranlwada),3166
Bhehjoi,1961
Bhendri,4030
Bhensdehi,3069
Bhesan,2673
Bhikangaon,2422
Bhikhi,1601
Bhikhiwind,1571
Bhikhiwind (Algo),4410
Bhikhiwind (Basarke),4412
Bhikhiwind (Marrimegha),4427
Bhikhiwind (Sursingh),4431
Bhikhiwind(Khalra),2881
Bhiknoor,2784
Bhiloda,1694
Bhilwara,261
Bhimadole,885
Bhimavaram,884
"Bhimavaram,RBZ",3560
Bhimunipatnam,883
Bhind,556
Bhind(F&amp;V),3890
Bhindran,8046
Bhindsar,8198
Bhinmal,1548
Bhitarwar,8315
Bhivandi,1427
Bhiwani,476
Bhiwani(Bawani Khera),2821
Bhiwapur,1504
Bhiya,8135
Bhode Saprai,8343
Bhogpur,1590
Bhokar,587
Bhokardan,584
Bhokardan(Pimpalgaon Renu),2500
Bhongir,886
"Bhongir,RBZ",3596
Bhoom,2137
Bhootgarh,8225
Bhopal,180
Bhopal(F&amp;V),181
Bhopalpattnam,2773
Bhor,2077
Bhoring,4013
Bhotna,8251
Bhowali(Naveen Mandi Sthal),4327
Bhucho,1574
Bhuhana,8118
Bhuj,463
Bhulath,1593
Bhulath (Ibrahimaaaaval),4415
Bhulath (Nadala),4406
Bhuna,2008
Bhundan,8267
Bhuntar,495
Bhurkoni,4022
Bhusaval,1438
Bhusawar,8094
Bhuvanagiri,4395
Biaora,1834
Bichhiya,2742
Bichkunda,2785
Bidar,112
Bigod,8092
Bigod,8093
Bihariganj,1771
Biharsharif,412
Bihiya,10008
Bihpur,10006
Bihta,413
Bijapur,113
Bijapur,2772
Bijapur(Basavanabhage Vadi),4121
Bijawar,8318
Bijay Nagar,1523
Bijnaur,1191
Bijolia,2857
Bikaner (Grain),652
Bikaner(F&amp;V),1779
Bikaner(Wool Mandi),8203
Bilagi,3973
Bilara,1549
Bilaspur,1990
Bilaspur,432
Bilaspur,488
Bilga,1743
Bilga (Talwan ),4407
Bilha,4052
Bilimora,1200
Bilimora(Gandevi),3036
Billsadda,3450
Biloli,2136
Bilsi,1965
Bina,2426
Binaganj,2705
Bindki,1923
Binjbayla,8167
"Binny Mill (F&amp;V), Bangalore",108
Biokhora,8210
Biranpur kalan (Sahaspur Lohra),4770
Biraul,1659
Birbhum,699
Birewala Dogra,8085
Birkur,8042
Birmaharajpur,1683
Birpur,1645
Birra,4068
Bisau,8438
Bishalgarh,312
Bishenpur,609
Bishnah,8035
Bishnupur,2644
Bishnupur(Bankura),835
Bishramganj,8211
Boath,887
Bobbili,888
Bodeli,454
Bodeli(Hadod),2980
Bodeli(Kalediya),2979
Bodeli(Modasar),3431
Bodhan,15
Bodinayakanur(Uzhavar Sandhai ),10244
Bodinayakkanur,3706
Bodwad,1439
Bodwad(Varangaon),2479
Boha,2889
Bohorihat,407
Bokaro (Chas),505
Bolangir,621
Bolangir(Patnagarh),3126
Boli,8145
Bolpur,350
Bomdila,1863
Bonai,3120
Bongiagaon,1879
Boothapadi,296
Boraee,4031
Bori,4765
Bori Arab,2103
Borsad,1410
Borsad(Asodar),2652
Borsad(Veg Yard Barsad),3001
Botad,1146
Botad(Bhabarkot),2970
Botad(Haddad),3427
Boudh,1665
Bowenpally,2046
Boxonagar,8212
Brahmpur,10011
Brahmpuri,1498
Broadway market,4390
BSK Krishi Bazar Private Ltd,10093
Budalada,641
Budalur,8291
Budgam,2631
Budhar,3805
Budhlada (Phaphre Bhaike),4442
Buland Shahr,673
Buldhana,2507
Buldhana(Dhad),2101
Bumhama-Kupwara (F&amp;V),499
Bundi,262
Burdwan,697
Burgampadu,889
Burgampadu,8022
Burhanpur,846
Burhanpur(F&amp;V),3879
Buxur,415
Byadagi,370
"C.Camp,RBZ",1237
Cachar,405
Canacona,841
Car Nicobar,4362
Ch. Dadri,1153
Chaakghat,3054
Chaandpur,1916
Chabhal,1725
Chadoora,2632
Chaibasa,844
Chail Chowk ,3839
Chak Alisher,8087
Chakdah,4345
Chakdah(Kalyani),3949
Chakia,1657
Chakrata,1840
Chaksu,1780
Chakulia,2056
Chakur,2126
Chala,3097
Chalakudy,2364
Chalisgaon,571
Challakere,742
Chamaraj Nagar,735
Chamba,487
Chamkaur Sahib,1611
Chamkaur Sahib (Bela),4414
Chamorshi,1819
Champa,2756
Champadanga,856
Champaknagar,1874
Champhai,612
Champua,1679
Chanarthal,1619
Chandabali,1684
Chandani Gram Sewa Sahkari Samiti  Limited ,10130
Chandausi,682
Chanderi,8205
Chandigarh (F&amp;V),44
Chandigarh(Grain/Fruit),43
Chandoli,1897
Chandrapur,605
Chandrapur,4064
Chandrapur(Ganjwad),2510
Chandur,890
Chandur Bazar,1478
Chandur Railway,2096
Chandur(Mungodu),2779
Chandvad,574
Chann Arorian,8281
Channagiri,749
Channapatana,718
Channarayapatna,525
Chansama,1397
Chanthroor,2163
Chanuchak,8271
Charama,2416
Charkhari,1971
Charla,1367
Charra,1930
Chathanoor,3074
Chatra,8220
Chatta Krushak Bazar,4258
Chaudna,8262
Chaurai,1390
Chavakkad,2366
Chavassery,8303
Chechat,2867
Cheeka,91
Cheema,1755
Cheema (Lonogal),4403
Chelakkara,2152
Chengalpattu,4158
Chengalpet(Uzhavar Sandhai ),10303
Chengam,3660
Chengam(Uzhavar Sandhai ),10273
Chengannur,2355
Chengeri,3528
Chennai,9010
Cherial,892
Cherthala,2358
Cherthdla,130
Chethupattu,297
Chevella,3643
Cheyyar,2814
Cheyyar(Uzhavar Sandhai ),10272
Chhabra,1554
Chhabra(Chhipabadod),3141
Chhachhrauli(Khizrabad),2843
Chhachrauli,1986
Chhajli,8254
Chhapiheda,2726
Chhapra,26
Chhatarpur,818
Chhati,4025
Chhibramau,323
Chhibramau(Kannuj),828
Chhinari,4095
Chhindwara,541
Chhindwara(F&amp;V),3902
Chhota Udaipur,56
Chhota Udepur(Tejgadh),2953
Chhpara,3065
Chhuria,2750
Chickkaballapura,770
Chidambaram,3681
Chidambaram(Uzhavar Sandhai ),10155
Chikali,597
Chikhali,458
Chikhli,4071
Chikkamagalore,737
Chikli(Khorgam),2984
Chilakaluripet,378
Chimur,1499
Chinch,8181
Chincholi,761
Chinnalapatti(Uzhavar Sandhai ),10166
Chinnamanur,3705
Chinnamanur(Uzhavar Sandhai ),10248
Chinnasalem,2790
Chinnoar,894
ChinSurah,367
Chintalapudi,896
Chintamani,771
Chintapally,895
Chipurupalli,891
Chirala,897
Chirgaon,1974
Chirwa,1558
Chitava,8136
Chithode,3531
Chitra,8376
Chitradurga,741
Chitradurga(Bheemasamudra),4113
Chittapur,535
Chittapura(Shahbad),4145
Chittoor,893
"Chittoor (MGH),RBZ",3576
Chittor(Rythu Bazar),4291
Chittorgarh,1568
Chitwadagaon,2614
Chityal,397
Chityal (Narket pally),8033
Chodavaram,899
Chogawan,1726
Chohtan,8429
Chokkikulam(Uzhavar Sandhai ),10191
Chomu,274
Chomu(F&amp;V),3146
Chone,8244
Chopada,572
Choppadandi,898
chorayashi,8390
Chorichora,2616
Choth ka barwara,8144
Choti Sadri,8197
"Chotial(Veg,Yard)",3030
Chotila,1714
"Chotila(Veg,Yard Chotila)",2992
Choubepur,2578
Choutuppal,1841
Chowmanu,3928
Chuda,8365
Chuliaposi,4255
Chura,4010
Churu,653
Chutmalpur,2543
Coimbatore,291
Coochbehar,353
Coonoor(Uzhavar Sandhai ),10207
Cottoncity Agro Foods Private Ltd,10110
"CSMLS Point, ,RBZ,Guntur",1226
Cuddalore,671
Cuddalore(Uzhavar Sandhai ),10154
Cuddapah,1
Cumbum,2817
Cumbum(AP),900
Curchorem,840
Dabhoi(Kayavarohan),3022
Dablirathan,8164
Daboi,1705
Dabra,186
Dabwali,100
Dabwali(Chautala),2841
Dachinpora,2522
Dadengiri,1168
Dadhi,8053
Dadri,1903
Dahanu,2071
Dahivadi,1458
Dahod,59
Dahod(Garbada),2949
Dahod(Himalaya),2951
Dahod(Jesavada),3209
Dahod(Veg. Market),2950
Dakala,1750
Dakor,8378
Dakshin Dinajpur,832
Dalelwala,8082
Daloda,8312
Daltenganj,843
Daman,45
Damana Hat,4259
Dammapet,901
Damnagar,1794
Damoh,565
Damoh(F&amp;V),3895
Danapur,411
Dand Brothers Agro ,10060
Dankaur,2541
Danta,2688
Dantiwada,8354
Daporijo,1867
Darbhanga,27
Darjeeling,4336
Darjeeling(Klimpong),3940
Darsi,379
Darwha,1486
Daryapur,1809
Dasada Patadi,1718
Dasda,1878
Daskroi,8364
Dasuya,1586
Dataganj,1967
Datia,566
Dau Majra,8048
Daunagar,10001
Dausa,267
Davangere,114
Davgadbaria(Piplod),3211
Dawki,3986
Dawrpuri,202
Dayapar,8349
Dediyapada,1416
Deedwana,285
Deedwana(Choti Khatu),3167
Deeg,1529
Deesa,51
Deesa(Bhildi),2962
Deesa(Deesa Veg Yard),3416
Degana,283
Deglur,588
Dehgam,1141
Dehgam(Dehgam Veg Yard),3034
Dehgam(Rekhiyal),3035
Dehradoon,320
Dehri,10031
DEI(Bundi),2865
Denduluru,3809
Denkanikottai,3749
Denkanikottai(Uzhavar Sandhai ),10188
Deogarh,1676
Deoghar,28
Deoli,1524
Deon,8336
Deori,1386
Deoulgaon Raja,1818
Dera Baba Nanak,1738
Dera Bassi,1751
Derol,1151
Derol(Adadara),2977
Derol(Vejalpur),3421
Desur,3663
Detroj,8362
Deulgaon Raja Balaji Agro Marketing Private Market,10091
Devadurga,4359
Devakottai,3743
Devakottai (Uzhavar Sandhai ),10233
Devala,2073
Devandranagar,2722
Devani,4757
Devarakadra,1366
Devarakonda,903
Devaram(Uzhavar Sandhai ),10246
Devariya,687
Devarkonda(Dindi),2781
Devarkonda(Mallepalli),2780
Devband,1957
Devbhog,4011
Devda,4089
Devgadhbaria,1412
Devri,4762
Dewas,182
Dewas(F&amp;V),3881
Dhadgaon,2384
Dhadhrian,8045
Dhamdha,4037
Dhammapet,2203
Dhamngaon-Railway,1810
Dhamnod,1125
Dhampur,2565
Dhamtari,183
Dhanaula,1756
Dhanbad,29
Dhand,2015
Dhandhuka,448
Dhandkuka(Dholera),2945
Dhandoi,8237
Dhanera,52
Dhanera(Samarwada),3417
"Dhanera(Veg,Yard Dhanera)",2964
Dhanora,4097
Dhanotu (Mandi),489
Dhanpur,8382
Dhansura,1693
Dhanula (Kaleke),4430
Dhanura,2569
Dhar,542
Dhar(F&amp;V),3874
Dhara,129
Dharamjaygarh,4076
Dharamkot,1602
Dharampur,494
Dharampur(veg),1421
Dharampuri,1626
Dharamshala,4471
Dharangaon,1440
Dharapuram,3532
Dharapuram(Uzhavar Sandhai ),10325
Dhari,2670
Dhari(Chalala),3037
Dhariwal,1584
Dhariyavad,8439
Dharmabad,1349
Dharmapuri,905
Dharmapuri(Uzhavar Sandhai ),10159
Dharmaram,904
Dharmavaram,386
Dharni,2097
Dharsul,2011
Dharwad(Alanawar),4130
Dharwar,115
Dhekiajuli,1881
Dhenkanal,1672
Dhilwan,1594
Dhing,404
Dhodha,8377
Dholka,1400
Dholka(Koth),3207
Dholka(Market Yard Veg),2995
Dholpur,651
Dhone,906
Dhoraji,1399
Dhoraji(Chattle Market Yard),2994
Dhorimanna,8430
Dhragradhra,2677
Dhrol,2683
Dhule,157
Dhupguri,356
Dhuri,248
"Diamond Harbour	",3944
Diamond Harbour(South 24-pgs),4340
"Dibbala Bazar,RBZ",1232
Dibiapur,1940
Dibrugarh,1883
Digapahandi,1774
Diglipur,4364
Digras,600
Dimapur,1868
Dinanagar,1582
Dindigul,1629
Dindigul(Uzhavar Sandhai ),10164
Dindori,1392
Dindori,1449
Dindori(Vani),2487
Ding,2038
Dinhata,852
Dirba,3837
Diu,46
Divai,1956
Divi,907
Diyodar,3419
Doddaballa Pur,513
Doharighat,2612
Dolvan,8402
Dondaicha,569
Dondaicha(Sindhkheda),2478
Dondi,4040
Dondilohara,4039
Dongargaon,2751
Dongargarh,2752
Dooni,8330
Doraha,1595
Doraha (Dhamot),4425
Doraha (Payal),4402
Doranpal,4109
Dornakal,908
Dound,1454
Dubbak,1365
Dudhani,3971
Dudhansadhan,645
Dudhawa,4103
Dudhi,1953
Dug,8433
Duggan,8261
Duggirala,1100
Dumal,3924
Dumarao,10010
Dumka,30
Dun,8120
Dungargarh,8201
Dungarpur,2855
Dungla,8185
Dungurapalli,212
Durg,428
Durgapur,3630
Dusi,3662
Dwaraka,8412
"Dwarakanagar,RBZ",3578
Dwarkanagar(Rythu Bazar),4292
East Shikkim,3517
Eathamozhi,4368
Edapadi (Uzhavar Sandhai ),10231
Edappadi,10050
Egra/contai,2645
Elampillai(Uzhavar Sandhai ),10228
Elevancheri,4384
Ellanabad,98
Elumathur,3544
Eluru,909
"Eluru(P.Sri.Mkt),RBZ",1218
"Eluru-II,RBZ",1220
Emani,910
English Bazar,358
Enkoor,2208
Enkoor,8029
Ernakulam,133
Erode,294
Erragadda(Rythu Bazar),4294
"Erragadda,RBZ",1254
Etah,678
Etawah,328
Ettumanoor,2360
"Excise Colony,RBZ",1239
Ezhamkulam,3073
F.G.Churian,1739
Faizabad,321
Falakata,4333
Falakata(Dhupguri),3937
"Falaknama,RBZ",1253
Faridabad,483
Faridabad,7777
Faridabad(Fish Market),4274
Faridkot,632
Faridkot (Kotsukhian),4426
Faridkot (Machakikalan),4432
Farukh Nagar,1998
Farukhabad,322
Fatehabad,81
Fatehabad,2550
Fatehgarh Panjtoor,4365
"Fatehkhanpet,RBZ",1234
Fatehnagar,1569
Fatehpur,825
Fatehpur,2853
Fatehpur Sikri,2555
Fazilka,229
Fazilka (Ladhuka),2888
Fefana,8160
Ferozepur Cantt(Jhok Harihar),3830
"Ferozepur Cantt, (Sadehasham)",4445
Ferozepur Cantt.,231
FerozpurZirkha(Nagina),2826
Firozabad,851
Firozepur City,634
"Fish,Poultry &amp; Egg Market, Gazipur",1797
"Flower Market, Canaught Place(Pr. Yard,Mehrauli)",2941
"Flower Market, Fatehpuri(Principal Yard, Mehrauli)",2940
"Flower Market,Gazipur",1795
"Fodder Market, Mangolpuri",1796
Forbesganj,1640
Fruit Market,2473
Fruits &amp; Vegetable(Kalsipalya),4112
Fruits &amp; Vegetable(Singena Agrahara),4111
Fulmbri,2084
Gabadkunda,3923
Gadada,2682
Gadag,753
Gadag(Hulakoti),4131
Gadag(Mulagund),4132
Gadarpur,1117
Gadarwada,2433
Gadaura,2618
Gaddiannaram,399
Gadhi Pratapur,8192
Gadhinglaj,1451
Gadhwah,504
Gadwal,7
Gadwal(Lezza),2775
Gaggarpur,8266
Gairatganj,2442
Gajanaan Krushi Bazar,10103
Gajanan Krushi Utpanna Bazar (India) Pvt Ltd ,10100
Gajapathinagaram,911
Gajol,3633
Gajsinghpur,1561
"Gajuwaka,RBZ,Visakhapatnam",1213
Gajwel,912
Galteshwer,8379
Gamhari,4099
Ganaur,2040
Gandacharra,3929
Gandai,2749
Gandarvakottai(Uzhavar Sandhai ),10215
Gandchiroli,606
Ganderbal,2630
Gandhari,914
"Gandhi Irvin Park(Tenali),RBZ",1228
Gandhinagar RBZ,3556
Gandhinagar(Board),3039
Gandhwani,3060
"Ganesh Chouk,Rajahmundry,RBZ",1215
Gangadhara,913
Gangakhed,1473
Gangapur,1468
Gangapur,2845
Gangapur City,286
Gangapurcity(Old Lal mandi),3143
Gangarampur,3942
Gangarampur(Dakshin Dinajpur),4338
Gangavalli,3696
Gangavathi,119
Gangavathi(Karatagi),4151
Gangoh,1929
Gangrar,8183
Gangtok,287
Ganjbasoda,198
Ganjdudwara,2561
Gannavaram,915
Garadipanchan,4261
Garbeta,3951
Garbeta(Medinipur),4347
Garh Shankar,1587
Garh Shankar(Mahalpur),3106
Garhakota,2462
GarhShankar (Kotfatuhi),4444
Garhshankar(Saila Khurd),2893
Gariyaband,2400
Gariyadar,2680
Garjee,1876
Garobadha,2047
Garoth,4192
Gasuapara,3991
Gattasilli,4034
Gaurella,4060
Gauripur,22
Gautampura,2457
Gaya,32
Gazipur,692
Gehal,8247
Gehri,1572
Gehri(Jandiala mandi),2884
"Gerabari, Korha Block",10016
Gevrai,1514
Ghabdan,8257
Ghajansoo,8270
Ghanaur,1752
Ghanpur,916
Ghansawangi,2389
Ghansour,3056
Gharaunda,2020
Gharghoda,2413
Gharsana,1188
Ghatal,855
Ghatanji,1487
Ghathashi,4245
Ghatol,8180
Ghaziabad,324
Ghiraur,1932
Ghoti,1826
Ghumarwin,8001
Gidam,2771
Giddalur,917
Giddarbaha,643
Gidderpindi,8344
Gingee,304
Gingee(Uzhavar Sandhai ),10291
Gir Gadhda,8406
Giridih,503
Goalpara,1880
Gobichettipalayam,3533
Gobichettipalayam(Uzhavar Sandhai ),10171
Godabhaga,3913
Godda,2059
Godhra,467
Godhra(Kakanpur),3420
Godhra(Timbaroad),2976
Gogamba,1703
Gogamba(Similiya),3020
Gogelav Gram Sewa Sahkari Samiti  Limited,10131
Gohad,1383
Gohana,1120
Gokak,721
Golaghat,408
Golagokarnath,1905
Gollapally,918
Goluwala,1538
Gonda,684
Gondal,65
Gondal(Cattle Market Gondal),3208
Gondal(Veg.market Gondal),2947
Gondiya,1511
Gondpimpri,1502
Goniana,1180
Goniana(Mehma Sarja),3821
Gonikappal,769
Gooti,919
Gopa,4256
Gopal Krishna Agro,10058
"Gopala Patnam Cent.,RBZ,Visakhapatnam",1210
Gopalavaram,920
Gopalganj,1638
Gopalgarh,8100
Gopalpatti,3709
Gopalraopet,8031
Gopichetty,3727
Gopiganj,2144
Gorakhpur,325
Gorakhpur,2734
Goraya,1591
Goregaon,2121
Goreswar,1888
Gosala,3910
Gotegaon,2437
Govardhan Farm Produce Market ,10054
Govindgarh,8103
Gowribidanoor,516
Gram Sewa Sahkaari Limited,10129
Gram Sewa Sahkaari Samitti ,10126
Gubbi,785
Guda(Godaji),8116
Gudalur(Uzhavar Sandhai ),10209
Gudimalkapur,1119
Gudiwada,376
"Gudiwada,RBZ",3566
Gudiyatham,2797
Gudiyatham(Uzhavar Sandhai ),10287
Gudur,921
"Gudur (G. Mpl Park),RBZ",3574
Guduvancheri(Uzhavar Sandhai ),10309
Gulabbagh,39
Gulabganj,3795
Gulavati,1958
Gulbarga,756
Gulburga(Afzalpur),4143
Gulburga(Jhevargi),4144
Gumla,506
Gummidipoondy,3658
Guna,544
Guna(F&amp;V),3887
Gundlupet,521
Gunpur,221
Guntakal,922
Guntur,923
Gurdas Nangal,8238
Gurdaspur,626
Gurgaon,482
Gurm,8246
Guru Har Sahai,235
Gurur,4041
Gurusarai,1925
Guskara,3946
Guskara(Burdwan),4342
Gyalsing,3441
H.B. Halli,537
Haathras,1904
Haatpipliya,2721
Habra,3628
Hadgaon,1518
Hadgaon(Tamsa),2516
Hailakandi,1886
Hajipur,423
Halahali,8214
Haldaur,2568
Haldibari,2921
Haldwani,1111
Halia,924
Haliyala,797
Haliyala(Dandeli),4140
Halol,2663
Halvad,3041
Hamirpur,3454
Hamirpur,490
Hamirpur(Jahu),8066
Hamirpur(Nadaun),2907
Hanagal,534
Hanagal(Hakkihaluru),4139
Hanbran,8233
HandwaraFV,1158
Hanegaon,2393
Hanmarkonda(Rythu Bazar),4308
Hansi,1156
Hansi(Sisai),2828
Hanumana,2740
Hanumangarh,270
Hanumangarh Town,2859
Hanumangarh(Urlivas),3165
Hapur,1900
Harappana Halli,508
Harda,1126
Harda(F&amp;V),3872
Hardoi,327
Hargaon (Laharpur),2590
Hari Har Khajagi Bazar Parisar,10106
Haridwar Union,1112
Harihara,369
Harij,1149
Harike,4361
Harippad,2357
Harnaut,10026
Harpalpur,2694
Harsood,2725
Harur(Uzhavar Sandhai ),10162
Hasanpur,1962
Hasoad,4066
Hasot,2655
Hasot(Elav),3033
Hassan,763
Hassanpur,1996
Hasthampatti(Uzhavar Sandhai ),10227
Hata,2720
Hathan,8263
Hathin,1997
Hathur,1596
Haveri,117
Haveri(Guthal),4136
Hazaribagh,33
Higanghat Infrastructure Private Limited,10081
Himalyatnagar,2133
Himatnagar,469
Himatnagar(Gambhoi),2965
Himatnagar(Veg.Market Himatnagar),2966
Hindol,4266
Hindoli,8134
Hindoun,1186
Hindupur,925
"Hindupur,RBZ",3580
Hinganghat,178
Hingna,4754
Hingoli,590
Hingoli(Kanegoan Naka),2503
Hinjilicut,1685
Hiramandalam,926
Hirapur,4094
Hirekerur,766
Hirekeruru(Rattihalli),4137
Hiriyur,743
Hirnawali,8162
Hissar,84
Hodal,80
Holalkere,3983
Holehaluru(Rona),4134
Holenarsipura,764
Honnali,509
Honnavar,793
Honnavara(Bhatkal),4141
Hoovinahadagali,730
"Horticulture Corp,Caranzalem, Panaji",3956
Hosadurga,517
Hosanagar,3975
Hoshangabad,3071
Hoshiarpur,636
Hoshiarpur(Chara Mandi),2894
Hoshiarpur(Sham Churasi),3107
Hoskote,3982
Hospet,729
Hospet(Kampli),4147
Hospet(Mariyammana halli),4148
Hosur,1848
Hosur(Uzhavar Sandhai ),10185
Howly,403
Howrah,2639
Hubli (Amaragol),116
Huliyar,786
Humanabad,731
Hunagunda(Hilakal),4128
Hungund,715
Hunsur,518
Husnabad,803
Huzumnagar(Garidepally),8008
Huzurnagar,928
Huzurnagar(Matampally),8009
Huzzurabad,927
Hyderabad (F&amp;V),2
Iamailabad,95
Ibrahimpatnam,8014
"Ibrahimpatnam,RBZ",3570
Ibrahimputnam,929
Ichapuram,931
Ichhawar,3045
Ichoda,930
Idar,811
Idar(Jadar),2991
Imphal,608
Indapur,1171
Indapur(Bhigwan),2491
Indapur(Nimgaon Ketki),3964
Indore,3873
Indore(F&amp;V),187
Indravelly(Utnoor),1083
Indri,2021
Indus,3950
Indus(Bankura Sadar),4346
Ipur,932
Irikkur,2371
Irinjalakkuda,2365
Irityy,3092
Isagarh,3058
Islampur,1457
Islampur,364
Islapur,2394
Israna,2027
Itarsi,543
Itawa,1556
J S K Agro Market ,10057
Jaalpali GSS ,10133
Jaavda,8184
Jabalpur,559
Jabalpur(F&amp;V),3898
jafarabad,8374
Jafarganj,1936
Jafrabad,4755
Jagadhri,1985
Jagalur,750
Jagatsinghpur,1661
Jagdalpur,439
Jagdamba Agrocare,10070
Jaggampet,2268
Jaggayyapeta,934
"Jaggayyapeta (G.Hospital),RBZ",3567
"Jagityal Rythu Bazar,RBZ",3588
Jagjitpura,8248
Jagnair,2553
Jagraon,238
Jagtial,933
Jahajharpur,1656
Jahajpur,8090
Jahanabad,1944
Jahangirabad,2536
Jai Gajanan Krishi Bazar,10113
Jaijaipur,2758
Jainagar,1655
Jainath,936
Jainoor,935
Jaipur (Grain),275
Jaipur(Bassi),3151
Jaipur(F&amp;V),273
Jaipur(Grain)(Chandpole),3137
Jaipur(Grain)(Sodala),3153
Jairamnagar,2409
Jaisalmer,656
Jaisinagar,8317
Jaitaran,1781
Jaitgiri,4084
Jaithari,3806
"Jaitipir Mandi, Lalganj block",10039
Jaitsar,1562
Jaitu,1577
Jaitu(Bajakhana),2891
Jajpur,215
Jakhal,2009
Jakhrawali ,8147
Jalagandapuram(Uzhavar Sandhai ),10230
Jalalabad,1964
Jalalabad,230
Jalalpor,8396
Jalana,158
Jalandhar Cantt (Jamshedpur Dana Mandi),3099
Jalandhar Cantt(Hoshiarpur Road),2874
Jalandhar Cantt.,1744
Jalandhar City,627
Jalandhar City(Faintan Ganj),2873
Jalandhar City(Jalandhar),2872
Jalandhar City(Kartar Pur Dana mandi),3098
Jalaun,1968
Jaleswar,1671
Jalgaon,159
Jalgaon Jamod(Aasalgaon),2505
Jalgaon(Jamod),598
Jalgaon(Masawat),2480
Jalkot,3112
Jalna(Badnapur),2501
Jalore,657
Jalpaiguri Sadar,702
Jalukie,206
Jam Jodhpur,1791
Jam Khambalia,1790
Jamakhandi,716
Jamanian,2609
Jambudhoda,8381
Jambusar,1418
Jambusar(Kaavi),3007
Jameenrayapettai(Uzhavar Sandhai ),10308
Jamkandorna,1785
Jamkhed,1430
Jammalamadugu,937
Jammikunta,4
Jammu (Grain Mandi),1159
Jamnagar,459
Jamner,1442
Jamner(Neri),2481
Jamshedpur,31
Jamshere,8342
Jamtara,2161
Jamui,1651
Janata Agri Market (DLS Agro Infrastructure Pvt Lt,10112
Jand Mangoli,8223
Jangaon,938
Jangipur,857
Jangipura,3444
Janta Market,2861
Jaora,1127
Jarar,2554
Jasdan,809
Jasdan(Vichhiya),2993
Jaspur,444
Jaspur(UC),1838
Jasra,1939
Jasvantnagar,1945
Jatara,2738
Jatni,1176
Jaunpur,329
Javad,3134
Javer,2542
Javera,2471
Jawala-Bajar,2093
Jawali,2082
Jawar,8308
Jayal,8436
Jayamkondam,299
Jayas,1917
Jaydeep Bhandaran(warehouse) ,10125
Jaykissan Krushi Uttpan Khajgi Bazar ,10095
Jaysingpur,1452
Jeerapur,2448
Jehanabad,1634
Jepur Pavi(Chackak),3432
Jetalpur (A&#39;bad City),8403
Jetpur(Dist.Rajkot),1783
Jetpur-Pavi,3042
Jeyankondam (Uzhavar Sandhai ),10145
Jeypore,222
Jeypore(Kotpad),3124
Jhabua,2459
Jhagadiya,1720
Jhajjar,479
Jhalap,4012
Jhalarapatan,659
Jhalod,1413
Jhana chank,8165
Jhansi,693
Jhargram,3634
Jharsuguda,1259
Jhijhank,1927
Jhumpura,3918
Jhunir,8076
Jhunjhunu,662
Jiaganj,4339
Jiaganj(Lalbagh),3943
Jind,484
Jintur,591
Jintur(Bori),2502
Jobat,2732
Jodhewala,8170
Jodhpur (Grain)(Mandor),280
Jodhpur(F&amp;V)(Bhadwasia),279
Jodhpur(F&amp;V)(Paota),3142
Jodhpur(Grain)(Bhagat Ki Kothi),3138
Jodhpur(Grain)(Phalodi),3152
Jodiya,2988
Jogipet,800
Jollian,8258
Jora,3799
Jorhat,409
Jotana,8361
Jourian,8275
Jowai,567
Jui,1992
Jullana,2012
Jullapally,8013
Jumpuijala,3926
Junagadh,460
"Junagadh(Veg,Yard, Junagadh)",2968
Junagarh,216
Jundla,2022
Junnar,1455
Junnar(Alephata),3958
Junnar(Bhlhe),3959
Junnar(Narayangaon),3960
Junnar(Otur),2492
Jurhera,8095
Jwaklaji,4325
Jwalaji,3980
K.Mandvi,1148
K.R. Pet,523
K.R.Nagar,122
Kada,1515
Kada(Ashti),3966
Kadaiyampatti,10049
Kadamtala,8219
Kadana,8408
Kadaura,2598
Kadhle,3442
Kadi,1401
Kadi(Kadi cotton Yard),2996
Kadiri,939
Kadodara,8392
Kadthal,8039
Kadur,736
Kagaznagar,940
Kahalgaon,1646
Kahithapattarai(Uzhavar Sandhai ),10288
Kahnuwan,1740
Kai Madhavrao Pawar Khajgi Krushi Utappan Bazar Sa,10096
Kaij,1517
Kaikaluru,375
Kailaras,1384
Kaimur,10020
Kairana,2547
Kaithal,87
Kakinada,941
"Kakinada(R.T.C) ,RBZ",3555
Kakinda(Rythu Bazar),4293
Kakni,4081
Kal Jharani,8334
Kala Afgana,8239
Kaladhungi(Naveen Mandi Sthal),4328
Kalagategi,531
Kalahandi(Dharamagarh),3125
Kalamb,2109
Kalamb(Osmanabad),1764
Kalamnuri,1830
Kalanaur,1741
kalanwali,99
Kalapipal,2447
Kalavai,1842
Kalawad,1147
Kalawali(Odhan),2840
Kalayat,2017
Kaliaganj,365
Kalidindi,2281
Kalikiri,3811
Kalimpong,704
Kalipur,4341
Kalipur(Champadanga),3945
Kaliyanchanda,4389
Kallachi,2157
Kallakurichi,1361
Kallakurichi(Uzhavar Sandhai ),10311
Kalliakavillai,4370
Kallur,943
Kalluru,8026
Kalmeshwar,1505
Kalna,351
Kalol,465
"Kalol(Veg,Market,Kalol)",2957
Kalpetta,150
Kalpi,1977
Kalsi,3930
Kalvan,1447
Kalwakurthy,944
Kalyan,177
Kalyan(Cattle Market),3963
Kalyandurg,942
Kalyani,2638
Kalyanpur,3925
Kalyanpur,8277
Kalyanpur,8414
Kama,260
Kamakhyanagar,1674
Kamakshi,4376
Kamalapuram,945
Kamalghat,8213
Kamareddy,16
Kambainallur,3746
Kambam(Uzhavar Sandhai ),10243
Kamlaganj,2581
Kamling,849
Kammarpally,4394
Kamrej,8389
Kamthi,3972
Kamuthi,3742
Kamuthi(Uzhavar Sandhai ),10220
Kanagal,8021
Kanakapura,719
Kanayakumari,3614
Kanchanpur,8216
Kanchanpur  GSS,10138
"Kancharlapalem,RBZ",1356
Kancheepuram(Uzhavar Sandhai ),10176
Kanchekacherla,947
"Kanchekacherla,RBZ",3565
Kanchili,946
Kanchipuram,1621
Kandhala guru,8338
Kandhamal,1682
Kandhar,1519
Kandi,2637
Kandiyaperi(Uzhavar Sandhai ),10250
Kandukur,948
"Kandukur (MRO Complex),RBZ",3573
Kang Khurd,8345
Kangayam(Uzhavar Sandhai ),10326
Kangeyam,3534
Kangra,75
Kangra(Baijnath),2912
Kangra(Jaisinghpur),2915
Kangra(Jassour),2914
Kangra(Nagrota Bagwan),2913
Kanhmun,2141
Kanigiri,949
Kanispora Baramulla (F&amp;V),497
Kanjangadu,2376
Kanjirappally,2361
Kanker,441
Kankipadu,4357
Kankrej,8355
Kankwal Chahlan,8083
Kannad,1469
Kannauj,1892
Kannod,2445
Kannur,137
Kanpur(Grain),330
Kantabaji,213
Kapadanj(Moti Jaher),3008
Kapadvanj,1423
Kaparada,8398
Kapasan,2856
Kapren,8133
Kapurthala,236
Karad,1459
Karaikal,4356
Karaikudi,3741
Karaikudi(Uzhavar Sandhai ),10234
Karamadai,2807
Karambakkudi(Uzhavar Sandhai ),10216
Karanja,593
Karanjia,1670
Karapa,3957
Karatgi,3974
Karauli,8435
Kareli,2424
Karera,2714
Karhi,2696
Karimganj,1887
Karimnagar,3
Karimnagar(Rythu Bazar),4295
Karimpur,362
Karimpuzha,4385
Kariyapatti(Uzhavar Sandhai ),10298
Karjan,1199
Karjat,1446
Karjat(Raigad),1425
Karjat(Rashin),2474
Karkala,519
Karmala,1465
Karnailganj,1937
Karpawand,4088
Karsiyang(Matigara),4335
Karumanturai,3697
Karur,3719
Karur(Uzhavar Sandhai ),10180
Karuvannur,8307
Karvi,2145
Karwar,791
Kasargod,540
Kasdol,2399
Kasganj,1192
Kashipur,338
"Kashmir Gadda Area,RBZ",1243
Kasimbazar,361
Kasinagar,3908
Kasipur,4349
Kasipur(Jhalda),3953
Kasrawad,2703
Kaswa,1641
Katangi,2470
Kataram,950
Katghora,2411
Kathalapur,3812
Kathghora(Kharmora),8054
Kathlal,1198
Kathua,2521
Kathumar,8108
Katihar,34
Katni,188
Katni(F&amp;V),3900
Katol,1506
Katosan,8363
Katpadi,3679
Katpadi (Uzhavar Sandhai ),10286
Katpadi(Uzhavar Santhai),3790
Katra,3448
Katron,8260
Kattakada,2148
Kattappana,3083
Kattumaner koil,2800
Katwa,352
Kavali,951
"Kavali,RBZ",3575
Kavaratti,151
Kaveripakkam,3678
Kaveripattinam(Uzhavar Sandhai ),10187
Kavunthapadi,1369
Kawant,2658
Kawant(Panvad),3434
Kawardha,431
Kayamganj,1911
Kayamkulam,2356
Kayamkulam(Alleppey),131
Kedar,4073
"Kedareshwari peta, Vijayawada,RBZ",1222
Keelkattalai(Uzhavar Sandhai ),10307
Keelpennathur(Uzhavar Sandhai ),10275
Keezhampara,4380
Kekri,1525
Kendrapara,214
Kendrapara(Marshaghai),3127
Kendupatna,1660
Kendupatna(Niali),3129
Keolari,2465
Keonjhar,1678
Keonjhar(Dhekikote),3128
Keonjhar(Jhumpura),3122
Kesamudram,400
Kesarisinghpur,1563
Keshkal,2414
Keshod,2674
Keshopur,445
Keshoraipatan,2851
Keshranand Cotex ,10056
Kesinga,217
Kesli,3055
Khachrod,2708
Khadur Sahib,1727
Khadur Sahib(Fetehabad),2885
Khaga,2602
Khagaria,425
Khair,1934
Khairagarh,2552
Khairlangi,8327
Khairthal,256
Khajuwala,1532
Khalanpur,2062
Khalilabad,2617
Khamano,1620
Khamano (Sanghol),4409
Khambha,2671
Khambhaliya,8413
Khambhat,73
Khambhat(Grain Market),2974
Khambhat(Veg Yard Khambhat),2975
Khamgaon,156
Khamhariya,4042
Khammam,5
Khanapur,952
Khanauri,1615
Khandar,8130
Khandwa,547
Khandwa(F&amp;V),3877
Khaniadhana,2469
Khanina,2034
Khanna,237
Khanpur,2665
Khanpur,1557
Khanpur,8264
Khanyadhana,4220
Kharar,1612
Khargapur,8323
Khargone,548
Khariar,4253
Khariar Road,620
Kharora,4008
Kharsiya,437
Kharupetia,21
Khatauli,677
Khateema,696
Khategaon,1378
Khatora,3797
Khatra,3629
Khavada,8351
Khed,173
Khed(Chakan),2493
Khed(Shel Pimpalgaon),4753
Kheda,2686
Kheda(Nayaka),3018
Khedbrahma,1398
Khedbrahma(Lambadia),2989
Khedbrahma(Posina),2990
Khedh(Bodaramev),3149
Khedli(laxmangarh),3161
Kheenwsar,8437
Khegsu,3981
Khekda,2535
Khem karan,1728
Khemkaran (Amarkot),4401
Kheragarh,2406
Khergam,8397
Kherli,257
Khetia,2692
Khetri,8119
Khiali,8249
Khilchipur,2702
Khirakiya,2423
Khizrabad,8047
Khliehriat,3988
Khokhar,8070
Khokhar Khurd,8078
Khonsa,1864
Khor,8276
"Khoya Market, Kashmiri Gate",1798
Khujner,2724
Khultabad,2387
Khunthabandha,3909
Khunti,2061
Khurai,1385
Khurbtang-Kargil,501
Khurja,1928
Khuzama,205
Kianthukadavu,2809
Kicchha,344
Kila Raipur,1746
Killa Raipur (Jodhan),4413
Kille Dharur,2122
Killi Nihal Singh Wala,8337
Kilpennathur,3665
Kilvelur,8289
Kim,8386
Kinwat,2129
Kipheri,4251
Kiratpur,2566
Kisan Market Yard,10062
Kisan Seva Private Market,10072
Kishan Renwal(Fulera),3162
Kishan Renwal(Sambhar),3163
Kishanganj,420
Kishangarh,8287
Kishangarh Renwal,276
Kishangarh SS Wala ,8088
Kishangarhbas,8425
Kishanpura borda,8125
Kishunpur,1942
Kizhakkancheri,8305
KKNagar(Uzhavar Sandhai ),10278
Kochas (Balthari),10030
Kodad,801
"Kodad,RBZ",3594
Kodaikkanal(Uzhavar Sandhai ),10167
Kodakandal,954
Kodangal,8050
Koderma,507
Kodinar,1786
Kodinar(Dollasa),2997
Kodumgalloor,2363
Kodumudi,1106
Kodungalloor,148
Koduru,953
Koduvayoor,144
Kohima,1873
Koilkunta,955
Kolaghat,3952
Kolaghat,4348
Kolar,120
Kolaras,2449
Kolasib,611
Kolathur,3691
Kolayat,8115
Kolhapur,160
Kolhapur(Laxmipuri),2489
Kolhapur(Malkapur),2490
Kollam,139
Kollapur,956
Kollegal,522
Kollengode,2368
Komakhan,4016
Konch,1912
Kondagoan,440
Kondapi,957
Kondotty,3091
Konganapuram,3690
Konganapuram (Agri. Coop. Marketing Society),3794
Konta,442
Koovapadi,4378
Kopaganj,1889
Kopargaon,1431
Koppa,739
Koppal,121
Koradacheri,2626
Koraput,617
Koraput(Semilguda),1862
Korar,4107
Koratagere,8296
Koratla,958
Koreana,8072
Koregaon,1460
Korpana,2114
Kosamba,1710
Kosamba(Vankal),3435
Kosamba(Zangvav),3436
Kosgi,959
Kosikalan,1195
Kosli,2035
Kot ise Khan,1735
Kot Santokh Rai,8240
Kota,2754
Kota,281
Kota (FV),2866
Kota(Mandana),3147
Kotadasagani,8370
Kotadwara,1115
Kotagiri,8041
Kotba,4075
Kotdi,8091
Kothabommali,960
Kothagiri(Uzhavar Sandhai ),10208
Kothagudem,8027
Kothagudem,389
"Kothagudem P.Stadium,RBZ",3590
Kothamangalam,3085
Kothamba,8409
"Kothapatnam B.Stand,RBZ",1230
Kothapeta,962
Kothara,8353
Kothavalasa,961
"Kothpet,RBZ",1238
Kotkapura,228
Kotma,3807
Kotmi,4067
Kotputli,1545
Kotputli(Pawla),3159
Kottakkal,2155
Kottarakkara,3072
Kottayam,140
Kottur,728
Kovilpatti,2791
Kovilpatti(Uzhavar Sandhai ),10268
Kovur,963
Kovvur,964
"Kovvur,RBZ",3559
Koyambedu,3599
Krishnagiri,1847
Krishnagiri(Uzhavar Sandhai ),10186
Krosuru,965
Krushna Krishi Bazar ,10094
Kuber,966
Kuchaman City,284
Kuchinapudi,3810
Kuchinda,1667
Kudavasal,2625
Kudchi,722
Kuhuboto,1869
Kukanar,4090
Kukar pind,8339
Kukatpally(Rythu Bazar),4304
"Kukatpally,RBZ",1247
Kukshi,1372
Kulai,711
Kulasekaram,3750
Kulgam,2517
Kulithalai(Uzhavar Sandhai ),10181
Kullu,76
Kullu(Chauri Bihal),2909
Kullu(Patli Kuhal),2908
kum Kalan,8228
Kumarapalayam(Uzhavar Sandhai ),10203
Kumbakonam,301
Kumbakonam (Uzhavar Sandhai ),10238
Kumbhraj,1382
Kumta,792
Kunda,4051
Kundagol,751
Kundalwadi,1829
Kundanpur,8143
Kundapura,845
Kundrathur(Uzhavar Sandhai ),10179
Kunganwai,8038
Kunigal,787
Kunjpura,2023
Kunkuri,2761
Kunnathukkal,4372
Kunnathur,3535
Kuntur,2135
Kuppam,967
Kurali,1613
Kurara,2600
Kurawar,2698
Kurdwadi,1466
Kurdwadi(Modnimb),2498
Kurichi(Uzhavar Sandhai ),10150
Kurinchipadi,2799
Kurnool,968
Kurnool(Rythu Bazar),4299
Kurud,184
Kurung Kumey,2918
Kurupam,969
Kuruppanthura,2151
Kurwai,2745
Kushtholy,8206
Kusmee,2767
Kustagi,775
Kustagi(Hanumasagar),4152
Kuthuparambu,2373
Kutiyana,2685
Kuttoor,3075
Kuttulam,3713
Kutumba,10002
Kwat,8410
L B Nagar,3815
L.R.Palli,2184
Ladhuwala,8168
Ladwa,92
Lahar,2739
Lairagaga,252
Lakhandur,1496
Lakhani,1497
Lakhani,2963
Lakhanpuri,4105
Lakhasar ,8149
Lakhia,8159
Lakhimpur,332
Lakhisarai,1647
Lakhnadon,3061
Lakhnadon(F&amp;V),3905
lakhowal,8229
Lakhpat,8350
Lakhri,8284
Lakhtar,1715
Lakkireddipally,970
Lakshar,1839
Lalbagh,853
Lalbarra,3800
Laleana,8074
Lalganj,2585
Lalgarh Jatan,2869
Lalgudi,3724
Lalgudi(Uzhavar Sandhai ),10283
Lalitpur,333
Lallton Kalan,8231
Lalpur,2987
Lalru,822
Lalsot,654
Lalsot(Mandabari),3140
Lamlong Bazaar,179
Langate,2529
Lanka,1138
Lapuwa GSS ,10140
Lasalgaon,169
Lasalgaon(Niphad),2484
Lasalgaon(Vinchur),4750
Lashkar,545
Lashkar(F&amp;V),3886
Laskein,3989
Lasur Station,1470
Late Vasantraoji Dandale Khajgi Krushi Bazar,10092
Latehar,2160
Lateri,3046
Lathawali,8169
Lathi,1142
Latur,161
Latur(Murud),2514
LavKush Nagar(Laundi),1388
Lawan,8121
"Lawyer pet (Sai tmpl),RBZ",1231
Laxettipet,971
Laxmeshwar,752
Laxmeswar(Siratti),4135
Laxmi Krushi Utpanna Khjgi Bajar,10063
Laxmi Sopan Agriculture Produce Marketing Co Ltd,10079
Leh,4352
Lehra Gaga,1757
Liliya,8373
Limdi,815
Limkheda,1348
Lingasugur,780
Lingasuguru(Maski),4150
Lingasuguru(Mudagal),4149
Lodhika,8369
Loha,1520
Lohaghat(Naveen Mandi Sthal),4329
Lohandiguda,4083
Lohara,2395
Loharda,2695
Lohardaga,2054
Loharu,1993
Loharu(Dighwa),2822
Lohian Khas,1592
Lonand,578
Lonar,1481
Longleng,4250
Longowal,8255
Loonkarnser,8202
Lormi,2408
Lout,8222
Lucknow,334
Ludhiana,1597
Ludhiana(Mandi gill Road),2886
Ludhiana(Salem Tabri),2887
Lunavada,807
Lunavada(Kobamba),3019
Lungli,203
Lunkaransar,1533
"M.V.P.Colony,RBZ,Visakhapatnam",1207
Maanachar,577
"Machalipatnam (Court),RBZ",3562
Machalpur,3047
Macharla,973
Machhiwara,1598
Machilipatnam,972
Madagadipet,1179
Madakasira,976
Madanapalli,975
Madanganj Kishanganj,1185
Madathukulam,2810
Maddipadu,974
Maddur,777
Madhavapuram,2164
Madhira,977
Madhira,8023
Madhoganj,1952
Madhogarh,2597
Madhuban,10021
Madhubani,35
Madhugiri,788
Madhupur,2060
Madhuranthagam(Uzhavar Sandhai ),10306
"Madhurawada,RBZ",3554
Madikeri,767
Madlauda,2028
Madnoor,978
Madurai,298
Maduranthagam,1133
Magarload,4027
Magroni,2737
Mahabubabad,979
Mahabubnagar(Rythu Bazar),4300
Mahad,2063
Mahagaon,1488
Mahalingapura(Mudagol),4129
Maharaja Agresen Private Krushi Utappan Bazar Sama,10087
Maharajganj,3451
Maharashtra Agricultural Farm ,10059
Maharjganj,10036
Mahasamund,430
Mahavir Agri Market,10098
Mahavir Agriculture Produce Market ,10068
Mahavira Agricare,10061
Mahboob Manison,8299
Mahbubnagar,8
Mahbubnagar(Nawabpet),2774
"Mahesh Krushi Utpanna Bazar, Digras",10101
Mahidpur,1376
Mahiyawali,8174
Mahoba,831
Maholi,2589
Mahua Mandabar(Mahua),3144
Mahudha,8415
Mahur,2134
Mahuva,1708
Mahuva(Anaval),3025
Mahuva(Jesar),3426
Mahuva(Station Road),58
Mahuwa Mandawar,1546
Mahuyatoli,4077
Maigalganj,2594
Mailaduthurai,3714
Mainpuri,335
Majalgaon,1820
Majitha,1729
Makdi,4093
Makha,8077
Makhu,1580
Maksi,2712
Maksudangarh,2704
Makthal,980
Malakhere,8109
Malampuzha,8304
Malaoud (Siar),4421
Malavalli,8297
Malegaon,166
Malegaon(Umarane),2485
Malegaon(Vashim),2110
Malerkotla,249
Malharshree Farmers Producer Co Ltd,10120
Malia Hatina,1697
Malian kalan,8340
Malikpur GSS ,10134
Maliya-Miyana,8404
Malkanagiri,220
Malkangiri(Korakunda),3130
Malkapur,599
Mallanwala,1736
Mallanwala (KhosaDalSinghwala),4438
Mallapur,8300
Malleswaram,981
Mallial(Cheppial),3814
Maloor,4388
Maloud,1599
Malout,242
Malout (Kilianwali),4423
Malout (Panniwala),4417
Malpur,2653
Malpura,1526
Malpura(Todaraisingh),3155
Malthone,4397
Malur,514
Mamdot,1737
Mamdot(Tibbi Khurd),3831
Manachanallur,3725
Manachanallur(Uzhavar Sandhai ),10284
Manakodur,8301
Manalurpet,3684
Manalurpettai,3549
Manamadurai ,3739
Manapparai,3721
Manapparai(Uzhavar Sandhai ),10280
Manasa,2455
Manathavady,2374
Manavdar,1787
Manawar,2430
Mancharial,982
Mandal,2646
Mandalgarh,2844
Mandapeta,4366
Mandhal,2116
Mandi kalan,8068
Mandi(kangni),8051
Mandi(Mandi),2911
Mandi(Takoli),2910
Mandirhasoad,4003
Mandla,820
Mandli,8282
Mandour,8332
Mandsaur,546
Mandsaur(F&amp;V),3882
Mandvi,1860
Mandvi(Amba Paradi),2982
Mandya,776
Manendragarh,2769
Mangal Wedha,1467
Mangala Mamandur,4268
Mangalagiri,984
"Mangalagiri(SLNS Temple),RBZ",1227
Mangalore,744
Mangan,3439
Mangaon,2064
Mangarol,8418
Mangkolemba,8208
Manglaur,1118
Manglore(Moodabidri),4155
Mangrol,1788
Mangrole,8126
Mangrulpeer,1492
Manhohar,10046
Manjeri,142
Manjeswaram,2375
Mankamneshwar Farmar Producer CoLtd Sanchalit Mank,10119
Manmad,575
Mannar,3077
Mannargudi,2629
Mannargudi I(Uzhavar Sandhai ),10261
Mannargudi II(Uzhavar Sandhai ),10265
Mannarkudi,3712
Manohar Thana,10143
Manohararthana,8128
Manora,1493
Mansa,1395
Mansa,1183
Mansa (Bhamekalan),4447
Mansa (Khiala kalan),4446
Mansa(Manas Veg Yard),2986
Mansa(Ubha Buraj Dhilwan),3822
Mansi Mandi,10018
Mansura,8230
Mantha,2085
Manthani,983
Manubazar,8209
Manvi,8265
Manvi,126
Manwat,1474
Mapusa,837
Marakkanam,1845
Maranelloor,4373
Marapally,986
Marathawada Shetkari Khajgi Bazar Parisar,10083
Mardapal,4096
Maregoan,2104
Margao,74
Marh,8273
Mari Buchain,8241
Markapur,985
Marori,8226
"Marripalem,RBZ,Visakhapatnam",1211
Martur,2043
Maru,8333
Marudhara  Private  Market Yard ,10122
Masli,8218
Masmara,8217
Master Ji Mandi Yard  ,10128
Matar,1699
Matar(Limbasi),3016
Mathabhanga,2920
Mathania,2862
Mathura,679
Matigara,3939
Mattathur,4383
Mau,3455
Mau(Chitrakut),2596
Mauda,4763
Maudaha,1969
Maur,1575
Maur Maqsudan,8252
Mauranipur,1913
Mawana,2532
Mawiong Regulated Market,152
Mawkyrwat,2051
Mayabandar,4363
Mayiladuthurai(Uzhavar Sandhai ),10197
Maylampadi,3536
Mazhuvannur,4379
Mecheri,10048
Mechua,3626
Medak,395
"Medak Town,RBZ",3585
Medarada,8372
Medavakkam(Uzhavar Sandhai ),10304
Medchal,987
Medinipur(West),698
Medipally,3813
Meerut,336
Meghraj,1690
Meghraj(Radlavada),3011
Mehal Kalan,1758
Mehal Kallan (ChananWal),4434
Meham,2036
Mehar,3053
Mehatpur,3832
"Mehdipatnam,RBZ",1246
Mehekar,1482
Mehgaon,3798
Mehil Gehlan,8348
Mehmadabad,1406
"Mehmadabad(Veg ,market)",2999
Mehmoodabad,1949
Mehndipatnam(Rythu Bazar),4305
Mehrauni,1973
Mehsana,464
Mehsana(Jornang),3214
Mehsana(Mehsana Veg),3415
Mehta,1730
Mekhliganj,4332
Mekhliganj,3936
Melaghar,706
Melapalayam(Uzhavar Sandhai ),10251
Melli,850
Melur,3703
Melur(Uzhavar Sandhai ),10195
Memari,3631
Merta City,663
Metpally,988
Mettupalayam(Uzhavar Sandhai ),10149
Mettur(Uzhavar Sandhai ),10225
Mhalingapur,717
Mhow,819
Miao,1865
Midnapore Sadar,360
Mihipurwa,2606
Milak,3452
Miryalaguda,12
"Miryalaguda (NSP Camp),RBZ",3593
Miryalguda(Rythu Bazar),4302
Mirzapur,691
Misrikh,2592
Mission,1861
Modasa,813
Modasa(Tintoi),3014
Moga,240
Moga(Charik),8062
Moga(Khosa Pando),8064
Moga(Khukhrana),8063
Mohamadabad,2582
Mohammdi,2146
Mohana,1636
Mohangarh,8200
Mohanpur,1875
Mohanur(Uzhavar Sandhai ),10205
Mohgaon,3801
Mohindergarh,1157
Mohol,2083
Mokama,1633
Mokokchung Town,615
Momanbadodiya,2718
Monday Market,1859
Moodigere,738
Moolanur,1851
Moonak,1616
Moongilthuraipattu,3687
Moovattupuzha,135
Moranjakhari,8175
Morbi,66
"Morbi(veg.sub,yard)",2948
Moreh,1101
Morena,554
Morena(F&amp;V),3891
Morinda,823
Morshi,1479
Morva Hafad,2662
Motala,2100
Moth,1975
Mothkur,989
Motihari,424
Mottagaon,3915
Movva Hqs,990
Mow,3064
Moynaguri,4334
Moynaguri(Dhupguri),3938
MS Kalpana Agri Commodities Marketing,10066
Mudharu    GSS,10139
Mudkhed,2130
Mugrabaadshahpur,1955
Mukerian,637
Mukerian(Talwara),2895
Mukhed,2131
Mukhed(Mukkambad),3967
Mukhiguda,1686
Mukkom,3094
Muktsar,241
Mukundgarh,8117
Mul,1500
Mulabagilu,1767
"Mulagada,Visakhapatnam",1209
Mulakalacheruvu,2170
Muli,2678
Muli,4085
Mullana,1981
Mullana(saha),2820
Mullanpur,1747
Mullanpur Dakha (Sawadi),4404
Mulshi,2385
Multai,1371
Mulugu,991
Mumbai,162
Mummidivaram,992
Mundaragi,755
Mundgod,798
Mundi,10052
Mundra,1405
Mungawali,2634
Munghair,421
Munguli,433
Munnar,2153
Muradabad,337
Muradnagar,2534
Murbad,2067
Murim,1765
Murliganj,10023
Murtizapur,594
Murud,2065
Musiri(Uzhavar Sandhai ),10281
Muskara,2599
Mustafabad,1987
Muthupettai(Uzhavar Sandhai ),10264
Muthur,3543
Muzaffarpur,36
Muzzafarnagar,709
Mydukur,993
Myladi(Uzhavar Sandhai ),10301
Mylampadi,3729
Mylavaram,994
"Mylavaram,RBZ",3569
Mysore (Bandipalya),123
N N Mundhada Agriculture Market Produce ,10084
Naanpara,1938
Nabarangpur(Umerkote),3131
Nabha,246
Nadia,701
Nadiad,60
Nadiyad(Chaklasi),2971
Nadiyad(Piplag),2972
Nadoti,8114
Nadwai,1530
Nagalapuram,2171
Nagamangala,524
Nagapattinam,3613
Nagapattinam(Uzhavar Sandhai ),10198
Nagar,1531
Nagaram,997
Nagari,995
Nagari,2753
Nagarkurnool,799
Nagarkurnool(Talkapalli),2777
Nagaur,282
Nagaur(Jayal),3150
Nagbhid,1501
Nagda,2463
Nagina,2567
Naginimora,616
Nagod,2435
Nagour(FV),2868
Nagpur,163
Nagpur(Hingna),3109
Nagpur(Mahatma Phule Market),2512
Nagra,8259
Nagri parole,8279
Nagur,996
Nahan,493
Naharawali,8166
Nahargarh,8431
Naharlagun,20
Naidupet,998
Naigaon,1521
Naila,434
Nainpur,3049
Najafgarh,49
Najibabad,1966
Nakhatrana,2656
Nakodar,648
Nakodar(Sarih),3833
Nakrekal,999
Nakud,2544
Nalbari,1885
Nalgonda,1000
Naliya,8352
Nalkehda,2458
Namagiripettai,2802
Namakkal,672
Namakkal(Agri. Coop. Marketing Society),3791
Namakkal(Uzhavar Sandhai ),10200
Nambiyur,3537
Namchi,3440
Namhol(Bilaspur),2906
Namol,8253
Nampur,4764
Nanakmatta,3842
Nandagada,723
Nanded,589
Nandgaon,1448
Nandigama,1002
"Nandigama,RBZ",3564
Nandikotkur,388
Nandoda,8384
Nandubar(Koparli),3961
Nandura,1483
Nandurbar,165
Nandyal,1001
"Nandyal(Srinivasnagar),RBZ",3581
Naneola,1982
Nanganallur(Uzhavar Sandhai ),10305
Nanggaon,2098
Nanjangud,778
Nanuta,2545
Naraingarh,1983
Narasannapet,372
Narasaraopet,377
"Narasaraopet,RBZ",3571
Narasaraopeta,3751
Naravarikuppam(Uzhavar Sandhai ),10258
Narayankhed,1007
Narayanpet,1004
Narayanpur,2415
Narayanpur,8110
Narela,48
Nargund(Sirol),4133
Nargunda,754
Narharpur,4106
Narkatiaganj,1639
Narkhed,1507
Narnaud(Bass),2829
Narnaul,481
Narnaund,2006
Narnoor,8015
Narot J Singh,1742
Narsampet,1009
Narsampet(Nekonda),2786
Narsapur,1005
Narsapuram,1010
"Narsapuram,RBZ",3561
Narsinghgarh,2429
Narsinghpur,557
Narsingi,1003
Narsingi(Babbuguda),8003
Narsipatnam,1006
Narwal Jammu (F&amp;V),496
Narwana,85
Naseerabad,8288
Nashik(Devlali),2486
Nasik,168
Nasrullaganj,1833
Nasvadi,2661
Nasvadi(Thalkala),3433
Natham,3708
Nathea,8071
Nathsur GSS ,10137
Natrampalli(Uzhavar Sandhai ),10320
Natwar,1637
Naugachiya,10007
Naugaon,8320
Naugarh,1901
Naushera Pannua (Dhotian),4441
Naushera Pannuan,1731
Nautnava,1946
Navagam,8391
Navagaon,4045
Navapara,191
Navapur,2074
Navratna Krishi Utpanna Khajgi Bazar ,10114
Navsari,1420
Nawabganj,2605
Nawada,1139
Nawalgarh,278
Nawan Shahar(Mandi Aur),3102
Nawan Shahar(Mandi Jadla),3101
Nawan Shahar(MandiRaho),2876
Nawan Shahar(Subzi Mandi),2875
Nawanshahar,644
Nawarangpur,223
Nazerethpet,3645
NCDEX Spot Exchange ,10053
"Near Rly. Gate,Mahbubnagar,RBZ",3584
Nedumangadu,146
Nedumkandam,3082
Needamangalam(Uzhavar Sandhai ),10263
Neeleswaram,2159
Neem Ka Thana,1559
Neemuch,190
Negamam,3524
Nelakondapally,8024
Nelakondapally,1012
Nellore,1011
"Nellore(Play Ground),RBZ",1233
Neora,427
Ner Parasopant,2105
Neredcherla,2215
"New Grain Market , Ambala",3647
"New Grain Market , Bhiwani",3648
"New Grain Market , Faridabad",3649
"New Grain Market , Jind",3670
"New Grain Market , Panchkula",3675
"New Grain Market , Rohtak",3601
"New Grain Market , Sirsa",3602
"New Grain Market , Sonipat",3603
"New Grain Market(main), Karnal",3671
"New Grain Market-2 , Hisar",3668
New Market Aizawl,201
Newasa,1821
Newasa(Ghodegaon),3115
Neyyatinkara,2351
NGO Colony(Uzhavar Sandhai ),10253
"NGOs Colony,RBZ",1245
Nidadavolu,1219
Nidamanoor,398
Nidamanoor,8032
Nigdu,2024
Nihal Singh Wala,1603
Nihal Singh Wala (Himmatpura),4429
Nihal Singh Wala (Rautan),4408
Nikumbh,8186
Nilagiri,4264
Nilanga,2125
Nilgiris,3606
Nilokheri,2025
Nimapara,1662
Nimbahera,263
Nippani,724
Nira,1456
Nira(Saswad),3113
Niralangar (F&amp;V),331
Nirmal,371
Nissing,2026
Niuland,4246
Niwadi,2452
Niwadi(F&amp;V),3896
Niwai,1527
Nizamabad,14
Nizar,1713
Nizar(Kukarmuda),3029
Nizar(Pumkitalov),3438
Nohar,1539
Noida,3446
Nokha,1534
Nokha,804
Nongpoh (R-Bhoi),847
Nongstoin,2048
Noona,8242
Noor Mehal,1745
Noor Mehal(Kot Badal Khan),3834
North Lakhimpur,1882
North Paravur,4391
Nowpora,102
"Nr. Co-op Central Bank(Ten),RBZ",1229
Nuh,2000
Nurpurbet,8227
Nutanbazar,1877
Nuzvid,1013
"Nuzvid (Gandhi Park),RBZ",3563
NVM Gurgaon,8036
Obedullaganj,1835
Oddunchairum,2816
Olapad,8387
"Old Bus Stand, Chilakaluripet,RBZ",3572
"Old Maharaj Hospital,RBZ,Vizianagaram",1202
Om Chaitanya Multistate Agro Purpose CoOp Society ,10108
Omalloor,4392
Omalur,3695
Ongole,1014
Ongole(Rythu Bazar),4303
"Opp.Municipal Office,Adilabad,RBZ",3587
"Opp:Swami Theatre, ,RBZ,Guntur",1225
Orai,1891
Orathanadu,1853
Osmanabad,1828
"P. Ramacharyulu Park,RBZ",1236
P.O. Uparhali Guwahati,23
Paatan,8326
Pabiacherra,705
Pachaur,2428
Pachora,573
Pachora(Bhadgaon),2482
Padadhari,8368
Padampur,619
Padampur,1189
Padappai(Uzhavar Sandhai ),10177
Paderu,1015
Padra,1201
Pahadai,8096
Pahari,8426
Pahariya pandeypur(F&amp;V),347
Pahikonda,2194
Pai,2019
Pai(Rajaund),2831
Paithan,1817
Pakala,1016
Pakhanjur,8331
Pakkasarna,8163
Pakur,2058
Pala,2362
Palacode(Uzhavar Sandhai ),10161
Palakkad,143
Palakode,2794
Palakole,1018
"Palakole ,RBZ",3558
Palakonda,1017
Palam,2089
Palamaner,382
Palampur,492
Palanganatham(Uzhavar Sandhai ),10192
Palani,2818
Palani(Uzhavar Sandhai ),10165
Palanpur,1143
"Palanpur(Veg,Yard Palanpur)",2961
Palari,4005
Palari,8329
Palayam,539
Palayamangalam,4387
Palayamkottai(Uzhavar Sandhai ),10249
Palaytha,8132
Palera,8324
Palghar,2068
Pali,658
Paliakala,1921
Palitana,1762
Palladam,2792
Palladam(Uzhavar Sandhai ),10321
Pallahara,4265
Pallapatti (Uzhavar Sandhai ),10183
Pallavaram(Uzhavar Sandhai ),10302
Palli morh,8285
Pallipattu,3655
Pallu,8151
Palsana,10044
Palthan,1461
Palus,2081
Palwal,485
Pamarru,1020
Pamohi(Garchuk),8207
Pampady,2359
Panancheri,4377
Panchkul(Kalka),2835
Panchkula,474
Panchpedwa,2619
Pandalam,2150
Pandara,2345
Pandariya,2748
Pandavapura,1768
Pandhakawada,1489
Pandhana,2451
Pandhana(F&amp;V),3878
Pandharpur,579
Pandhurna,2418
Pandhurna(F&amp;V),3903
Pandkital,3922
Pandua,355
Pangaon,4006
Panichowki,8215
Panipat,475
Panipat(Baharpur),2834
Panipat(Fish Market),4273
Panisagar,710
Paniyawali,8171
Panna,817
Panposh,1178
Panruti,1362
Panruti(Uzhavar Sandhai ),10157
Panthawada,1719
Panvel,1799
Panwadi,3443
Panwar,8139
Paonta Sahib,77
Papanasam,8292
Papanasam(Uzhavar Sandhai ),10241
Papparapatti,3748
Pappireddipatti,3745
Parakkodu,538
Parali Vaijyanath,1516
Paramakudi,2815
Paramakudi(Uzhavar Sandhai ),10219
Paramathivelur(Uzhavar Sandhai ),10204
Paranda,2138
Parappanangadi,3089
Parassala,2350
Parbhani,592
Parchur,1021
Pardi,2667
Pardi(Motavagachiya),3424
Pardi(Rohinee),3425
Pardi(Ugvada),3422
Pardi(Vapi),3423
Pargi,1023
Parikshitgarh,2533
Parimpore,105
Pariyaram,4381
Parkal,1024
Parlakhemundi,1663
Parner,2072
Parola,1443
Parshiwani,2118
Parsoli,8195
"Parsoniya Mandi, Mahua block",10040
Partappura(E),8341
Partaval,1890
Partur,1472
Partur(Vatur),3965
Paruthipattu(Uzhavar Sandhai ),10257
Parvathipuram,1022
"Parvathipuram ,RBZ",3552
Pasighat,368
"Patamata,RBZ",1223
Patan,1831
Patan,466
Patan,4036
"Patan(Veg,Yard Patan)",2960
Pataudi,2001
"Pateri Belchar Mandi, Bhagwanpur block",10041
Patewa,4047
Pathalgaon,2760
Pathankot,625
Pathankot (Kanwa),4443
Pathapatnam,1026
Pathardi,1432
Pathari,2087
Patharia,1387
Pathebad(Rythu Bazar),4309
Pathriya,4057
Patiala,243
Patiala(Anaj Mandi Sanaur Road),3103
Patiala(New Anaj Mandi),2878
Patna (Musallahpur),37
Patna City,38
Patoda,2123
Patran,244
Patran(Ghagga Mandi),2877
Patroda,8158
Pattambi,2531
Pattamundai,4257
Pattan,2526
Patti,624
Patti Multani,8234
Pattikonda,1025
Pattukottai,3711
Pattukottai(Uzhavar Sandhai ),10239
Patur,2095
Pavagada,511
Pavani,1814
Pavaratty,8440
"Pavilion Ground,Khammam,RBZ",3589
Pawai,8321
Payagpur,2621
Payyannur,138
Pazhayannur,4382
"Pedagantiyada,RBZ,Visakhapatnam",1212
Peddapalli,1027
Peddapuram,373
Peddapuram(Phase7),3752
"Peddavaltair,RBZ,Visakhapatnam",1208
Pegadapally,8010
Pehowa,93
Pehowa(Gumthala Gahru),2833
Pen,2066
Penamaluru,3979
Pendraroad,2755
"Pendurthi,RBZ",3553
Pennagaram,2795
Pennagaram(Uzhavar Sandhai ),10160
Penugonda,374
Penukonda,385
Perambakkam(Uzhavar Sandhai ),10259
Perambalur(Uzhavar Sandhai ),10210
Perambra,3093
Perfect Krishi Market Yard,10076
Perfect Krishi Market Yard Pvt Ltd ,10111
Perinthalmanna,3088
Periyakulam(Uzhavar Sandhai ),10245
Periyar Nagar(Uzhavar Sandhai ),10173
Pernamallur,3664
Pernem,3819
Perumbavoor,3084
Perundurai,3538
Perundurai(Uzhavar Sandhai ),10174
Pethappampatti,3527
Petlad,1409
"Petlad(Veg Yard, Petlad)",3000
Petlawad,1374
Pfatsero,207
Phagwara,640
Phallarh,8073
Phambra,8057
Pharasgaon,4091
Phek,1871
Phillaur,628
Phillaur(Apra Mandi),3100
Phingeshwer,4007
Pichhour,2736
Pidawa,8434
Pidugurala,2293
Pidugurala(Palnadu),1019
Piler,1028
Pilibhit,339
Pilli Banga,272
Pillukhera,2013
Pimpalgaon,170
Pimpalgaon Baswant(Saykheda),2488
Pipar City,2849
Pipariya,553
Pipli,2031
Piplya,2711
Piprai,3796
Pipriya,4050
Piravam,2347
Pirawa ,8127
Pirda,4023
Piriya Pattana,127
Piro,10009
Pithapuram,1030
Pithoura,2403
Pitlam,1029
"Pochamma Maidan,RBZ",1241
Pochampalli,1108
Podili,1031
Pohari,2446
Polavaram,1032
Pollachi,292
Pollachi(Uzhavar Sandhai ),10148
Polur,2813
Polur(Thiruvannamalai),1110
Polur(Uzhavar Sandhai ),10270
Pombhurni,4758
Ponda,838
"Ponda, Bagayatdar Bhawan",3955
Ponduru,1033
Pongalur,3526
Ponner,3646
Ponnur,1034
Poongal Road,10045
Poonthottam,2627
Porbandar,1698
Porsa,2743
Porsa(F&amp;V),3892
Port Blair,366
Pothencode,2349
Pothgal,1035
Pothgal,8017
Pothkapally,8018
Pragwal,8272
Prahaladpur,8269
Pramadom,4374
Prantij,1419
Prantij(Salala),3038
Prasanna Krushi Market,10086
Praswada,3802
Pratap Nana Mahale Khajgi Bajar Samiti ,10117
Pratap Rudrapur,4260
Pratapgarh,686
Pratapgarh,264
Pratappur,2765
Prattipadu,2269
Premium Krushi Utpanna Bazar ,10118
Prithvipur,8325
Proddatur,1036
"Proddatur,RBZ",3579
Pudukottai,3615
Pudukottai(Uzhavar Sandhai ),10212
Pudupalayam,2806
Pudur,3458
Pugal Road Bikaner,8427
Pukhrayan,1194
Pulgaon,1509
Pulivendala,1037
"Pullanga X Road,RBZ",1244
Pulpally,2154
Pulwama (F&amp;V),500
Punalur,2354
Punchaipuliyampatti,3539
Punchaipuliyampatti,2805
Pundibari,3632
Pundri,2016
Pune,172
Pune(Hadapsar),3110
Pune(Khadiki),2495
Pune(Manjri),4751
Pune(Moshi),4752
Pune(Pimpri),2494
Punganur,1038
Punhana,2002
Pur,8224
Purain,8232
Puramattom,8306
Puranpur,1906
Puri(Brahmagiri),3132
Purna,2086
Purulia,700
Purwa,2577
Pusad,1490
Pusapatirega,1039
Pusor,4070
Puttur,1040
Puttur,745
Puwaha,342
Qazigund,2518
Quadian,1583
Quilandy,3095
"Qutubullahpur,RBZ",1250
"R and B Guest House,RBZ,Vizianagaram",1203
Raath,1902
Racharla(Boppapur),8004
Radaur,1989
Radhanpur,1144
Radheja,450
Rafi-Abad,2524
Raghogarh,3062
Raghunathpur,4080
Rahama,4262
Rahata,2382
Rahatgarh,2710
Rahod,4063
Rahsmi,8189
Rahuri,1803
Rahuri(Songaon),3114
Rahuri(Vambori),2475
Raibareilly,683
Raichur,124
Raiganj,4337
Raiganj(Kalinganj),3941
Raigarh,436
Raike Kalan,8067
Raikot,638
Raikot (Nathowal),4437
Raikot (Talwandi rai),4428
"Railway Over Bridge./Fatima,RBZ",1240
Raini,8106
Raipur,200
Raipur Rai,1978
Rairakhol,1666
Raisen,558
Raisingh Nagar,666
Rajahmundry,1042
"Rajahmundry(Nataraj),RBZ",1214
Rajam,1043
Rajampet,1041
Rajapalayam,310
Rajapalayam(Uzhavar Sandhai ),10293
Rajasamand,1570
Rajasingamangalam,3744
Rajauli,10027
Rajaun,10003
Rajdhanai Mandi (KukarKheda),10042
Rajdhani Mandi ,10142
Rajdhani Mandi (Kukarkheda),8420
Rajgarh,8105
Rajgarh,2693
Rajim,1140
Rajkot,64
Rajkot(Ghee Peeth),2946
Rajnagar,2728
Rajnandgaon,192
Rajouri (F&amp;V),502
Rajpipla,1415
Rajpipla(Garudeshwal),3004
Rajpur,4079
Rajpura,1610
Rajula,452
Rajula(Dungar),2969
Rajura,2111
Ralegaon,2106
Ramachandrapuram,1046
Ramaganj Mandi,660
"Ramakrisnapuram,RBZ",1252
Raman,631
Ramanagar,4159
Ramanagara,773
Ramanathapuram,3624
Ramanathapuram(phase 3),1631
Ramanathapuram(Uzhavar Sandhai ),10218
Ramannapet,1045
Ramanujganj,2763
Ramayampet,1044
"Ramchandrapuram,RBZ",1258
Ramdev Krushi Bazaar,10078
Ramdurga,725
Ramdurga(Katikola),4117
Ramgang Mandi(Bapawarkala),3160
Ramgang Mandi(Samod),3157
Ramgarh,8111
Ramgarh,2052
Ramkrishanpur(Howrah),833
Ramnagar,1113
Ramnagar,10038
Ramnagar,3804
Rampur,680
Rampura,2649
Rampura,8295
Rampura Phul,630
Rampuraphul(Bhai Rupan),3823
Rampuraphul(Chowke),3826
Rampuraphul(Dhapali),3824
Rampuraphul(Mehraj),3825
Rampuraphul(Nabha Mandi),2890
Rampurhat,836
Rampurhat,2643
Rampurmaniharan,1960
Ramsara Jakhran,8176
Ramsingpur,8152
Ramtek,2117
Ranaghat,4344
Ranaghat(Kalyani),3948
Ranavav,8371
Ranchi,40
Randheja(Chiloda),2956
Randheja(Veg.Market Gandhinagar),2955
Ranebennur,118
Ranebennur(Halageri),4138
Rangpo,288
Rangpo Check Post,1190
Rangrao Patil Krushi Utpanna Khajgi Bazar ,10082
Rani,1550
Rania,2039
Rania(Jiwan nagar),2839
Raniganj,10000
Ranipettai(Uzhavar Sandhai ),10314
Ranniangadi,3076
Rannod,8313
Ranpur,2647
Rapar,1404
Rapur,1047
Rasda,2613
Rasipuram,3688
Rasipuram(Agri. Coop. Marketing Society),3792
Rasipuram(Uzhavar Sandhai ),10202
Ratangarh,10043
Ratangarh,8421
Ratanpur,4059
Ratia,2010
Ratlai,8129
Ratlam,551
Ratlam(F&amp;V),3884
Ratnagiri (Nachane),1823
Rattia,82
Raver,1444
Raver(Sauda),2483
"Ravulapalem(MY),RBZ",1217
Ravulapelem,2787
Rawatsar,1540
Rawla,1564
Raxaul,10022
Rayachoti,384
Rayadurg,1048
Rayagada,225
Rayagada(Muniguda),3123
Rayya,1773
Rayya(Sathiala),2882
Razole,1049
RD 36 5,8153
Reasi,2633
Redhills,1622
"Registrar Co Op,Panaji",1357
Rehati,2697
Rehli,2460
Renapur,2128
Renukadevi Private Market Yard ,10104
Reon Kalan,8086
Repalli,1050
Rerozepur Zhirka,1999
Rewa,560
Rewari,480
Richha,3449
Ridmalsar,8161
"Ring Road Jn.,RBZ, Vizianagaram",1204
Risgaon,4035
Rishikesh,694
Risia,2607
Risod,1494
Robertsganj,1893
Roha,1426
Rohroo,3841
Rohtak,478
Rohtak(Kalanaur),2837
Roing,1135
Rolia,8188
Rompicherla,4748
Rona,530
Rongram,3992
Roopbas,8099
Roorkee,1114
Ropar,647
RSPuram(Uzhavar Sandhai ),10146
Rudauli,2603
Rudrangi,8011
Rudrapur,345
Ruperdeeha,3516
Rura,2580
S.Mandvi,470
Sabalgarh,2466
Sadak Arjuni,4761
Sadashivnagar,8043
Sadasivpet,11
Sadasivpet(Sangareddy),2788
Sadhaura,1988
Sadiq,1578
Sadulpur,265
Sadulpur(ph 3),1535
Sadulshahar,1541
Safdarganj,1935
Safidon,86
Sagabara,8385
Sagar,549
Sagar,782
Sagar(F&amp;V),3894
Sagar(Hosanagara),4115
Saharanpur,340
Saharpada,3919
Saharsa,422
Sahaspur,4254
Sahebganj,2057
Sahidngar,3914
Sahiyapur,1914
Sahnewal,1600
Sai Agro Infratrade Pvt Agri Market,10077
Saidpur,2610
Saidpurhat,418
Sailana,2431
Sainthia,4350
Sainthia(Suri),3954
Saja,4043
Sajapur,193
Sakaleshpura,526
Sakhigopal,224
Sakra,4021
Sakri,4058
Sakri,1436
Salem,1625
Salihabhata,4074
Salon,2587
Salumber,8190
Saluru,1051
Samalkha,2029
Samalkot,4393
Samana,245
Samana(Gajewas),3835
Samana(Kakrala),3836
Samartha Krushi Bajar Private Limited ,10089
Samastipur,417
Samba,2520
Sambal,2528
Sambalpur,622
Sambalpur,2770
Sambalpur (Bemetra),4046
Sambhal,1963
Samejakothi,8156
Sami,2666
Sampara,3456
Sampath Nagar(Uzhavar Sandhai ),10170
Sampla,2037
Samrala,639
Samraniyan,8432
Samsabad,2556
Samsi,357
Samudrapur,2120
Sanad,447
Sanawad,1375
Sanchor,2850
Sandaur,9011
Sandi,2593
Sandila,1950
Sandur,8298
Sangamner,848
Sanganer,8428
Sangarapuram,1360
Sangareddy,1257
Sangat,1576
Sanghavi Agriculture Marketing ,10071
Sangli,174
Sangli(Miraj),3117
"Sangli(Phale, Bhajipura Market)",2496
Sangod,8142
Sangola,580
Sangowal,8059
Sangrampur,1484
Sangrampur(Varvatbakal),2506
Sangriya,271
Sangrur,1759
Sanjan,8399
Sanjhi morh,8280
Sankagiri,10047
Sankarankoil(Uzhavar Sandhai ),10316
Sankarankovil,3616
Sankarapuram(Uzhavar Sandhai ),10313
Sankeshwar,727
Sankeshwara((Hukkeri),4120
Sankheda,8411
Sanquelim,839
"Sant Namdev Krushi Bazar, ",10090
Santalpur,8357
Santhamaguluru,1052
Santhesaguru(H.D.Kota),4153
Santhesargur,779
Santir Bazar,311
Santoshgarah,3753
Santoshgarh,3838
Santrampur,468
Santrampur(Fathaepura),2978
Sanwer,2417
Sapti,189
Saraikela,2162
Sarangapur,1053
Sarangarh,2412
Sarangpur,2709
Sarankul,3916
Saraskana,3911
Sarayapali,2402
Sardar Shahar,2847
Sardargarh,8335
Sardarnagar,1054
Sardhana,1959
Sardulgarh,1184
Sargaon,4056
Sargipali,1668
Sariya,4072
Sarolakalan,8138
Sarona,4102
"Saroornagar,RBZ",1248
Sarsiwan,4009
Sarswati,8359
Sarwar,8286
Sasaram,41
Sasthamkotta,2346
Satana,1801
Satara,1462
"Satellite,RBZ",3557
Sathiyamagalam(Uzhavar Sandhai ),10172
Sathupalli(Rythu Bazar),4296
Sathupally,8030
Sathur,3738
Sathur(Uzhavar Sandhai ),10297
Sathyamangalam,4367
Satlasana,8360
Satna,194
Satna(F&amp;V),3906
Sattenapalli,1057
Sattupalli,1056
"Sattupalli (ramalayam),RBZ",3591
Satyavedu,1055
Saunsar,2432
Saunsar (F&amp;V),3904
Savali,1503
Savanur,532
Savarkundla,1793
Savli,1704
Savli(Desar),3430
Savli(Samlaya),3021
Savner,607
Sawai Madhopur,661
Sayala,71
Sealdah Koley Market,3627
Secunderabad,1255
Sedam,759
"Seemarala Jaagir  , GSS, ",10135
Seethammadhara(Rythu Bazar),4307
"Seethammadhara,RBZ,Visakhapatnam",1205
Segaon,2719
Sehjanwa,1926
Sehora,1775
Sehore,550
Selemba,1707
Selemba(Navgam Javli),3024
Selempura,8157
Selu,1475
Sembanarkoil,1854
Semriharchand,2453
Sendhwa,1134
Sengoan,2092
Senjeri,3699
Seoni,561
Seppa,2916
Serchhip,1173
Sethiathoppu,4396
Sevda,2744
Sevur,1850
Shadabad,2558
Shadnagar,9
Shadnagar (Chowderguda),8002
Shadora,3068
Shahabad,96
Shahabad,2571
Shahabad(New Mandi),1951
Shahada,1450
Shahagarh,2735
Shahapur,2069
Shahapur,757
Shahaswan,2576
Shahdara,446
Shahdol,562
Shahganj,1954
Shahjahanpur,341
Shahkot,1182
Shahpur,2549
Shahpura,3169
Shahpura,8089
Shahpura Bhitoni (F&amp;V),3899
Shahpura(Jabalpur),1389
Shahzadpur,1984
Shajapur,2440
Shajapur(F&amp;V),3885
Shakot (Malsian),4419
Shakti,435
Shamgarh,2700
Shamgarh(F&amp;V),3883
Shamli,676
Shamshabad,2707
Shankarapally,1058
Shantilal Jain Agro,10064
Shegaon,1485
Shehra,2664
Shekari Krushi Khajgi Bazar,10080
Shekhpura,1649
Sheohar,10035
Sheopurbadod,2701
Sheopurkalan,1129
Sheoraphuly,2642
Sherpur,1760
Shetkari Khajgi Bajar,10074
Shetkari Khushi Bazar,10055
Shetkari Krushi Bazar,10115
Shevgaon,1433
Shevgaon(Bodhegaon),2476
Shiggauv,1769
Shihor,8419
Shikaripura,510
Shikohabad,1933
Shillong,2050
Shimla,491
Shimla and Kinnaur(Koti),2898
Shimla and Kinnaur(Nerwa),2925
Shimla and Kinnaur(Rampur),2896
Shimla and Kinnaur(Theog),2897
Shimoga,781
Shimoga(Theertahalli),4114
Shinor,2659
Shinor(Shinor Veg),3429
Shirala,4756
Shirpur,1437
Shirur,1827
Shirur Anantpal,2392
Shivpuri,563
Shivpuri(F&amp;V),3889
Shivrinarayanpur,4061
Shivsiddha Govind Producer Company Limited Sanchal,10121
Shnkheshwar,8358
Shopian,104
Shorapur,758
Shree Rameshwar Krushi Market ,10116
Shree Sairaj Krushi Market,10107
Shree Salasar Krushi Bazar ,10102
Shri Balaji krishi Utpanna Bazar Samiti ,10099
Shri Gajanan Maharaj Khajagi Krushi Utpanna Bazar,10088
Shri Madhopur  KVSS ,10132
Shri Pashupati Real Trade Pvt Limited ,10123
Shrigonda,1434
Shrigonda(Gogargaon),3116
Shrimushnam,3682
Shrirampur,1435
Shrirampur(Belapur),2477
Shujalpur,1128
Shyampur,2731
Siddapur,794
Siddavatam,2186
Siddhpur,1408
Siddipet,10
"Siddipet Town,RBZ",3586
Siddipet(Rythu Bazar),4301
Siddout,1059
Sidhi,821
Sidhwan Bet,1748
Sidhwan Bet (Lodhiwala),4420
Sihora,8000
Sihora(F&amp;V),3897
Sikandara,10015
Sikanderabad,2538
Sikandraraau,1931
Sikar,664
Sikarpur,2540
Sikri,8097
Silachhari,3931
Silapathar,410
Siliguri,2923
Sillod,582
Sillod(Bharadi),2499
Silvani,8310
Silvassa,50
Silyari,4000
Simariya,8322
Simdega,2055
Simga,4002
Sindagi,734
Sindagi(chadachan),4122
Sindagi(Devarayipparagi),4124
Sindagi(Hendi),4123
Sindevahi,2112
Sindhanpur,4020
Sindhanur,125
Sindholi,2591
Sindhudurg,2070
Sindi,1510
Sindi(Selu),3969
Sindkhed Raja,2102
Singampunari(Uzhavar Sandhai ),10236
Singampuneri,3740
Singanallur(Uzhavar Sandhai ),10147
Singarayakonda,380
Singheswarsthan,1654
Singroli,2730
Singvad,8383
Sinner,1815
Sira,789
Sirali,8309
Sircilla,1060
Sirguppa,110
Sirhind,1181
Sirkali,3715
Sirkali(Uzhavar Sandhai ),10199
Sirmour(Bagthan),2904
Sirmour(sarahan),2905
Sironcha,4766
Sironj,2427
Sirri,4028
Sirsa,1924
Sirsa,97
Sirsa(Malekan),2838
Sirsaganj,2563
Sirsam,4759
Sirsi,796
Siswali,8124
Sitamarhi,419
Sitapur,343
Sitapur,2764
Sitapura,8137
Sitarganj,1837
Sitmau,3066
Siugam,8356
Sivagangai,1858
Sivagangai (Uzhavar Sandhai ),10232
Sivagiri,2803
Sivakasi(Uzhavar Sandhai ),10296
Sivasagar,1884
Siwan,2018
Siwan,42
Siwani,1995
Siyana,2537
Sohanjana,8268
Soharatgarh,2623
Sohela,3920
Sohna,1155
Sohra,3985
Sojat City,3139
Sojat Road,1551
Sojitra,2651
Solan,78
Solan(Banalgi),2901
Solan(ChakkikaMor),2903
Solan(Nalagarh),2900
Solan(Parwanoo),2902
Solan(Rajgarh),2899
Solapur,176
Somala,1061
Somawarpet(Suntikoppa),4157
Sompeta,1364
Somvarpet,768
Sonamura,3927
Sonepat,477
Sonepat(Kharkhoda),2842
Songadh,1722
Songadh(Badarpada),3032
Songadh(Umrada),3437
Sonkatch,1379
Sonpeth,2390
Sonpur,10033
Sooramangalam(Uzhavar Sandhai ),10221
Sorabha,3977
Soundati,726
Soundatti(Heragatti),4118
Soundatti(Munavalli),4119
South 24-PGS,834
Soyatkalan,4210
Soygaon,2386
Sri Har Gobindpur,1585
Sri Har Gobindpur(Harechowal),2880
Sri Karanpur,1565
Sri Madhopur,665
Sri Vijayanagar,1566
Sridungargarh,2848
Sriganganagar,269
Sriganganagar(F&amp;V),1782
Srikakulam,1062
"Srikakulam (Illandu Junction),RBZ",3550
Srikalahasti,1063
Sringeri,740
Srinivasapur,515
Srirampur,1137
Srirangapattana,2370
Srivilliputhur(Uzhavar Sandhai ),10294
"Steel Plant,RBZ",1355
Subir,8395
Sujangarh(Churu),1536
Sujawalpur,8172
Sukhchainpura,8154
Sukma,8052
Sulargharat,1761
Sullurpet,1064
Sultan bathery,149
Sultanabad,1065
Sultanabad(Garrepally),8016
Sultanpur,8141
Sultanpur,685
Sultanpur,234
Sultanpur Lodhi (Tibba),4405
Sultanpurchilkana,2546
Sulur,2808
Sulur(Uzhavar Sandhai ),10151
Sulya,746
Sumerganj,2852
Sumerpur,1187
Sunam,250
Sundarapuram(Uzhavar Sandhai ),10153
Sunguvarchatram,3984
Sunguvarchatram(Uzhavar Sandhai ),10178
Supaul,1652
Super Market Lungli (Bara Bazar),204
Suragana,2383
Surajgarh,1560
Surajpur,2766
Surat,70
Surat(Old Sardar Market),2954
Suratgarh,1542
Surendrangr,8367
Surjyagarha,10019
"Suryapet,RBZ",3595
Suryapeta,13
Susner,2723
Suthalia,3059
Sutrapada,8407
Suvasra,2468
Swarajmaidan(Rythu Bazar),4297
Syopurkalan(F&amp;V),3893
T. Narasipura,520
T.Narasipura(Bannur),4154
Taal,2741
Tadepalligudem,1067
Tadikonda,1068
Tadipatri,1066
Tadkalas,2088
Tajpur,10032
Takhatpur,2407
Talala,1789
Talalagir,816
Talcher,1673
Talegaon Dabhade,2078
Taleja,2681
Talikot,533
Talikot(Muddebehala),4125
Taliparamba,2158
Talod,67
Talod(Harsol),2967
Taloda,2075
Talwandi Bhai,635
Talwandi Bhai(Mudki),3829
Talwandi Sabo,1733
Talwandi Sabo(Kot Fatta),3827
Talwandi Sabo(Shekhupura),3828
Talwandi Sanghere,8346
Talwara,8182
Talwara Jheel,8148
Tamarainagar(Uzhavar Sandhai ),10276
Tamkuhi Road,2143
Tamluk (Medinipur E),359
Tanakpur,1836
Tanda,2604
Tanda UrMar (Miani mandi),4436
Tanda Urmur,1588
Tanda(Rampur),2570
Tanduru,1069
Tangmarg,2527
Tankara,8405
Tanuku,1070
Tapa,1617
Tapa(Sadar Bazar),2870
Tapa(Tapa Mandi),2871
Tarana,1377
Tarantaran,227
Tarapur,2650
Tarikere,527
Tarori,89
Tasgaon,1811
Taura,2003
Tawang,402
Teghra,1648
Tekari,10014
Tekkali,1071
Telhara,1477
Teliamura,313
Tellarevu,3808
Tenakallu,3457
Tenali,1072
Tendukheda,2715
Tendukona,4014
Tenkasi(Uzhavar Sandhai ),10317
Tenning,4252
Teoan Pujarian,8075
Tezu,401
Thakurganj,1658
Thalaivasal,3694
Thalasserry,136
Thalavadi,3540
Thalavadi(Uzhavar Sandhai ),10175
Thalavaipuram(Uzhavar Sandhai ),10299
Thalayolaparambu,3079
Thamarassery,3096
Thambalapalli,1073
Thammampati,2801
Thammampatti (Uzhavar Sandhai ),10229
Thanabhawan,2548
Thandla,2439
Thane Market,2472
Thanesar,94
Thangdh,8366
Thanjavur,300
Thanjavur(Uzhavar Sandhai ),10237
Thara,1716
Thara(Shihori),3418
Tharad,1689
Tharad(Rah),3010
Thasara,1700
Thasara(Dokar),3017
Thathakapatti(Uzhavar Sandhai ),10224
Thattanchavady,253
Thellar,3659
Theni,1628
Theni(Uzhavar Sandhai ),10242
Thenkasi,3717
Thikaria GSS ,10136
Thimiri,3666
Thirthahalli,3976
Thirukalukundram(Uzhavar Sandhai ),10310
Thirukkalukundram,3654
Thirukovilur,305
Thirumangalam,1856
Thirumangalam(Uzhavar Sandhai ),10194
Thirupathur,2798
Thirupoondi,8290
Thiruppananthal,8294
Thiruppur,290
Thirurrangadi,3090
Thiruvananthapuram,145
Thiruvannamalai,1624
Thiruvarur,303
Thiruvennainallur,3546
Thiruverumbur(Uzhavar Sandhai ),10282
Thiryagadurgam,1844
Thittarthy,8020
Thodupuzha,1122
Thoduvetty,4369
Thompramkudi,4375
Thondamuthur,3525
Thoothukudi,1857
Thorrur,1075
Thottambedu,1074
Thoubal,1172
Thrippunithura,2530
Thrissur,147
Thungathurthy,1076
Thuraiyur,3723
Thuraiyur(Uzhavar Sandhai ),10279
Tibbi,8150
Tijara,8104
Tikabali,219
Tikamgarh,564
Tikonia,2147
Tilakwada,2679
Tileibani,3921
Tilhar,1910
Timarni,2421
Timbi,2672
Tindivanam,1359
Tindivanam(Uzhavar Sandhai ),10289
Tinsukia,406
Tiphra,4055
Tiptur,790
Tiroda,1512
Tiruchengode,3689
Tiruchengode(Agri. Coop. Marketing Society),3793
Tiruchengode(Uzhavar Sandhai ),10201
Tirukattupalli(Uzhavar Sandhai ),10240
Tirumalagiri,2044
Tirunelvali,1632
Tirupathur(Uzhavar Sandhai ),10319
Tirupati,1077
"Tirupati (TUDA),RBZ",3577
Tirupatthur(Uzhavar Sandhai ),10235
Tiruppur (North) (Uzhavar Sandhai ),10323
Tiruppur (South) (Uzhavar Sandhai ),10324
Tiruthani(Uzhavar Sandhai ),10254
Tiruthuraipoondi,1363
Tiruthuraipoondi(Uzhavar Sandhai ),10260
Tiruttani,2796
Tiruvallur(Uzhavar Sandhai ),10255
Tiruvannamalai(Uzhavar Sandhai ),10269
Tiruvarur(Uzhavar Sandhai ),10262
Tiruvellore,670
Tiruvennainallur,3683
Tiruvuru,1078
Tittakudi,3680
Tiwasa,2099
Todabhim,8112
Todaraisingh,8423
Togguta,2321
Tohana,842
Tohana(New Veg Market),2825
Tokapal,4086
Tonk,650
Toofanganj,854
Tosham,1994
Toshgaon,4018
Tral,2523
Trichy,1852
Triveniganj,10037
Tseminyu,4248
Tuensang,1872
Tukkapettai,2811
Tuli,4247
Tuljapur,2139
Tulsi,4001
Tulsipur,1947
Tumkur,784
Tumsar,1170
Tundla,2564
Tuni,1079
Tura,1169
Turvekere,512
Tusura,3907
Tuticorin(Uzhavar Sandhai ),10267
Uchana,2014
Uchhal,1711
Uchhal(Karod),3027
Udaipur,669
Udaipur(F&amp;V),3145
Udaipura,2434
Udala,1669
Udat Bhagta Ram,8079
Udayagiri,1080
Udaypur,4082
Udgir,586
Udgir(Devanibud),2515
Udgir(Hali),3962
Udhagamandalam(Uzhavar Sandhai ),10206
Udhampur,106
Udumalpet,1102
Udumalpet(Uzhavar Sandhai ),10322
Udupi,858
Ujhani,1918
Ujjain,197
Ujjain(F&amp;V),3880
Uklana,2005
Ulhasnagar,1429
Uluberia,2641
Ulundurpettai,309
Ulundurpettai(Uzhavar Sandhai ),10312
Umarala,8417
Umared,164
Umarga,2140
Umargam,8400
Umari,2132
Umariya,1394
Umarked(Danki),2508
Umarkhed,1491
Umarpada,8388
Umrane,4760
Umreth,1411
Una,486
Una,461
Unava,1407
Undi,2635
Ungatur,1081
Unhel,2717
Uniyara,2846
Unjha,61
Unnao,1196
Upleta,810
"Ursu Premises, Nalgonda,RBZ",3592
Urvakonda,1082
Usilampatti(Uzhavar Sandhai ),10193
Usilampatty,3704
Uthangarai,2789
Uthiramerur,1132
Uthukottai,3656
Utraula,2620
Uttaripura,2579
V.Kota Mkt.Yard,1235
Vadakanandhal,8055
Vadakara,141
vadakarapathy,3086
Vadakkenchery,3087
Vadali,2654
Vadalur(Uzhavar Sandhai ),10158
Vadamadurai ,4271
Vadaseri,708
Vadaseri(Uzhavar Sandhai ),10300
Vadavalli(Uzhavar Sandhai ),10152
Vadgam,2691
Vadgaonpeth,1453
Vadhvan,472
Vadiya,8416
Vadlapudi,1354
Vadnagar,1687
Vadnagar(Kheralu),3009
Vadodara,55
Vadodara(Navapura),3428
Vadodara(Sayajipura),2952
Vaduj,1463
Vaduvur,2628
Vadvani,3970
Vaghai,8394
Vagodiya,2660
Vai,1464
Vaijpur,1471
Vairengte,610
Vakadu,1084
Valangaiman,2624
Valangaiman(Uzhavar Sandhai ),10266
Valathi,3686
Valia,1706
Valia(Nethrang),3023
Valigonda,2216
Vallabhipur,8375
Vallabhnagar,8191
Vallam,8293
Valod,1712
Valod(Buhari),3028
Valpol,3818
Valsad,457
Valsad(Dungari),2985
Vamanapuram,2377
Vanapuram,3661
"Vanasthalipuram,RBZ",1249
Vandavasi,302
Vandavasi(Uzhavar Sandhai ),10274
Vandiperiyar,3081
Vani,601
Vaniyambadi,3677
Vaniyampadi(Uzhavar Sandhai ),10318
Vankaner,1784
Vankaner(Sub yard),4371
Vansda,1721
Vansda(Limzar),3031
Vantamamidi,4398
Vanthli,2675
vapi,8401
Varahi,3040
Varanasi(F&amp;V),1352
Varanasi(Grain),346
Varaseoni,2444
Varipaal,1943
Varni,3459
Varora,1812
Varud,1480
Varud(Rajura Bazar),2504
Vasai,1428
Vashi New Mumbai,3108
Vaso,8380
Vathlagundu,3707
Vatpally,8302
Vav,2690
Vayalapadu,1092
Vazhapadi,3693
Vedachandur,4270
Vedaranyam,3716
Vedasanthur(Uzhavar Sandhai ),10169
Velayuthampalayam(Uzhavar Sandhai ),10182
Vellakkoil,3541
Vellakovil,3730
Vellankoil,3542
Vellore,1623
Vellore(Uzhavar Sandhai ),10285
Velpur,8044
Velur,3692
Vemulawada,1085
Vemulawada(Boinpally),8012
Vengamedu(Uzhavar Sandhai ),10184
Vengeri(Kozhikode),132
Venkatagiri,1086
Venkateswarnagar,1087
Venkateswarnagar(Chintapalli),2783
Vepanjari,2636
Veppanthattai(Uzhavar Sandhai ),10211
Veraval,2676
Vessue,101
Vettavalam,2812
Vidisha,199
Vijapur,1150
Vijapur(Gojjariya),2959
Vijapur(Kukarvada),2958
Vijapur(Ladol),3212
Vijapur(veg),3213
Vijay Nagar(Gulabpura),3168
Vijaya Agri Private Market,10065
Vijayanagaram,18
Vijayanagaram(Rythu Bazar),4306
Vijayawada,1088
"Vijayawada(S.Maidan),RBZ",1221
Vijaynagar(Kundlakap),3015
Vijaypur,3057
Vikarabad,394
Vikasnagar,695
Vikkiravandi,1846
Vikramganj,10029
Vilaspur,1908
Vilathikulam,1107
Villupuram,307
Villupuram(Uzhavar Sandhai ),10290
Vilthararoad,2615
Vinayak  Niji  up  Mandi yard,10124
Vinayak Krishi-Mandi Yard,8178
Vinukonda,1089
Viralimalai(Uzhavar Sandhai ),10217
Viramgam,449
Virpur,2687
Virudhachalam,293
Virudhunagar,674
Virudhunagar(Uzhavar Sandhai ),10295
Viruthachalam(Uzhavar Sandhai ),10156
Visakhapatnam,874
Visavadar,1696
Vishalpur,1909
Vishrampur,4098
Visnagar,62
Visoli,2573
Viswan,2588
Vita,2080
Vithinasserri,4386
Vitthal Krushi Utpanna Bazar ,10073
Voligonda,1091
Voligonda(Ramannapet),2782
Vuyyur,1093
"Vuyyur,RBZ",3568
Vuyyuru(Rythu Bazar),4298
Vyara(Paati),2983
Vyra,471
Wadakkanchery,2367
Wahiajer,3990
Wanaparthy Road,1094
Wanaparthy Road(Prbbair),2776
Wanaparthy town,1095
Wansi,2622
Warangal,19
Wardha,1804
Wardhannapet,1096
Warsola,8243
Washi(Osmanabad),2396
Washim,1800
Washim(Ansing),2509
Wazirganj,2574
"Weekly Market Area,RBZ",1242
Weir,8098
Williamnagar,2049
Wokha Town,614
Wyra,1097
Wyra,8028
Yadagiri(Gurumittkal),4146
Yadgir,760
Yalburga,774
Yallapura(Kiruvathi),4142
Yamuna Nagar,473
Yamunanagar(Fish Market),4272
Yanam,4355
Yashika Agro Marketing,10085
Yawal,1445
Yellamanchili,1098
Yellandu,802
Yellandu,8025
Yellapur,795
Yellareddy,393
Yemmiganur,1099
Yeola,167
Yeotmal,602
Yingkiong,2917
Yusufpur,2608
Z[State Total],9986
Z[State Total],9987
Z[State Total],9988
Z[State Total],9989
Z[State Total],9990
Z[State Total],9991
Z[State Total],9992
Z[State Total],9993
Z[State Total],9994
Z[State Total],9995
Z[State Total],9996
Z[State Total],9997
Z[State Total],9998
Z[State Total],9999
Zaheerabad,396
Zalod(Sanjeli),3003
Zalod(Zalod),3210
Zaloosa-Chararishrief (F&amp;V),498
ZariZamini,2108
Zerota,8113
Zira,1581
Ziro,1136
Zunheboto,1870
